product_id,sku,brand,model,field,current_value,legacy_value,official_value,proposed_value,source,reference,confidence,reason
"53cbc707-2e4e-4ad4-b9a2-39d8024ebd95","49-A-TX-25","","49-A-TX-25","brand_id","","","","APEX","nombre del producto","la primera palabra coincide con una marca ya existente","MEDIUM","producto sin marca cuyo nombre empieza con una marca de la tabla"
"f6b8a4b5-4d7a-4915-8d37-4dcd543052e7","B2036LA-2","","","brand_id","","","","DUROFIX","nombre del producto","la primera palabra coincide con una marca ya existente","MEDIUM","producto sin marca cuyo nombre empieza con una marca de la tabla"
"5fedebc4-f3f4-469a-a93d-f3d33d7655b3","CP7748","","CP7748","brand_id","","","","CHICAGO PNEUMATIC","nombre del producto","la primera palabra coincide con una marca ya existente","MEDIUM","producto sin marca cuyo nombre empieza con una marca de la tabla"
"3a5b2f7c-f0bf-4be2-ae4a-9f4e597f15fe","CP7748TL","","CP7748TL","brand_id","","","","CHICAGO PNEUMATIC","nombre del producto","la primera palabra coincide con una marca ya existente","MEDIUM","producto sin marca cuyo nombre empieza con una marca de la tabla"
"791c15d0-4281-4ffc-a9f3-2f519dbaeea7","DC20EU26-C60UK","","DC20EU26-C60UK","brand_id","","","","DUROFIX","nombre del producto","la primera palabra coincide con una marca ya existente","MEDIUM","producto sin marca cuyo nombre empieza con una marca de la tabla"
"058182af-0928-4161-bb7c-01d7a5a4cf3c","DU.B2036LA","DUROFIX","B2036LA","product_type","","-","","-","legacy","https://buscatoolsjano-web.github.io/Buscatools/productos-data.json","HIGH","el legacy lo tiene y el ERP no"
"96e81bcc-36a2-41eb-b06f-963363c1ae6e","DU.B2036LA-2","DUROFIX","B2036LA-2","product_type","","-","","-","legacy","https://buscatoolsjano-web.github.io/Buscatools/productos-data.json","HIGH","el legacy lo tiene y el ERP no"
"d95be9c9-8fd6-4d4c-a239-a4d91e2820bf","DU.B2036LB","DUROFIX","B2036LB","product_type","","-","","-","legacy","https://buscatoolsjano-web.github.io/Buscatools/productos-data.json","HIGH","el legacy lo tiene y el ERP no"
"f6bbb0f5-d85c-4d5a-a5ee-96c2068755d4","DU.B2036LB-2","DUROFIX","B2036LB-2","product_type","","-","","-","legacy","https://buscatoolsjano-web.github.io/Buscatools/productos-data.json","HIGH","el legacy lo tiene y el ERP no"
"b2850cf3-36f0-4d0f-8339-1f6cd225ca14","DU.DC20UN26-C60","DUROFIX","DC20UN26-C60","product_type","","-","","-","legacy","https://buscatoolsjano-web.github.io/Buscatools/productos-data.json","HIGH","el legacy lo tiene y el ERP no"
"e7bf0d34-b92f-4a1e-bcdf-61bf34cfcea4","DU.DC20US28-C30","DUROFIX","DC20US28-C30","product_type","","-","","-","legacy","https://buscatoolsjano-web.github.io/Buscatools/productos-data.json","HIGH","el legacy lo tiene y el ERP no"
"db6e7b08-3cb2-409f-9733-74a13641eb8a","DU.DR001","DUROFIX","DR001","product_type","","-","","-","legacy","https://buscatoolsjano-web.github.io/Buscatools/productos-data.json","HIGH","el legacy lo tiene y el ERP no"
"de1b2ec4-3831-44c4-ad23-de01d099026a","DU.DR002","DUROFIX","DR002","product_type","","-","","-","legacy","https://buscatoolsjano-web.github.io/Buscatools/productos-data.json","HIGH","el legacy lo tiene y el ERP no"
"8d840cbd-e7c7-47ab-b748-1ecd2ef1b55e","DU.RV2053-WR80","","DU.RV2053-WR80","brand_id","","","","DUROFIX","nombre del producto","la primera palabra coincide con una marca ya existente","MEDIUM","producto sin marca cuyo nombre empieza con una marca de la tabla"
"67e64cac-0f4a-41c4-8d65-2f5da4fd8ee8","EH2-HT60-000NNN-E","","EH2-HT60-000NNN-E","brand_id","","","","ESTIC","nombre del producto","la primera palabra coincide con una marca ya existente","MEDIUM","producto sin marca cuyo nombre empieza con una marca de la tabla"
"4963f4c2-9120-40d4-8b51-5fec0b4243bd","EH2-RA1000-SNL","","EH2-RA1000-SNL","brand_id","","","","ESTIC","nombre del producto","la primera palabra coincide con una marca ya existente","MEDIUM","producto sin marca cuyo nombre empieza con una marca de la tabla"
"18c0284d-15b2-4aea-85ce-ce2c82eed39c","ES.SER0501","","ES.SER0501","brand_id","","","","ESTIC","nombre del producto","la primera palabra coincide con una marca ya existente","MEDIUM","producto sin marca cuyo nombre empieza con una marca de la tabla"
"675088d4-f4a6-44f6-9b59-6c5e14313906","FM.E8MCC5A-650","","FM.E8MCC5A-650","brand_id","","","","FIAM","nombre del producto","la primera palabra coincide con una marca ya existente","MEDIUM","producto sin marca cuyo nombre empieza con una marca de la tabla"
"ca911ca6-af01-4bf3-b990-4aac0b74e3dd","FM.REP.BC12_ST","","FM.REP.BC12_ST","brand_id","","","","FIAM","nombre del producto","la primera palabra coincide con una marca ya existente","MEDIUM","producto sin marca cuyo nombre empieza con una marca de la tabla"
"0ec91e47-157c-46e7-94e5-273adbe27104","PRO00073","","00073","brand_id","","","","RIVIT","nombre del producto","la primera palabra coincide con una marca ya existente","MEDIUM","producto sin marca cuyo nombre empieza con una marca de la tabla"
"6c095ddf-eada-4e99-afbb-3b7f58f96a16","PRO00165","","00165","brand_id","","","","GEDORE","nombre del producto","la primera palabra coincide con una marca ya existente","MEDIUM","producto sin marca cuyo nombre empieza con una marca de la tabla"
"2294ce02-aa4c-4d2b-94b6-136cbe411f28","PRO00166","","00166","brand_id","","","","GEDORE","nombre del producto","la primera palabra coincide con una marca ya existente","MEDIUM","producto sin marca cuyo nombre empieza con una marca de la tabla"
"928b8221-29c0-448f-8fc4-70d7ebf28171","PRO00167","","00167","brand_id","","","","GEDORE","nombre del producto","la primera palabra coincide con una marca ya existente","MEDIUM","producto sin marca cuyo nombre empieza con una marca de la tabla"
"5f9b5f9c-b0f5-4d21-a977-0ddab4193a56","PRO00181","","00181","brand_id","","","","URYU","nombre del producto","la primera palabra coincide con una marca ya existente","MEDIUM","producto sin marca cuyo nombre empieza con una marca de la tabla"
"f8279cd2-5f25-4c03-a521-d0fa1fedee17","PRO00183","","00183","brand_id","","","","URYU","nombre del producto","la primera palabra coincide con una marca ya existente","MEDIUM","producto sin marca cuyo nombre empieza con una marca de la tabla"
"f5d491b6-a977-40de-a01a-373abd983e62","PRO00185","","00185","brand_id","","","","URYU","nombre del producto","la primera palabra coincide con una marca ya existente","MEDIUM","producto sin marca cuyo nombre empieza con una marca de la tabla"
"029eceec-c77d-4c38-ae23-fb0ac6d19b6b","PRO00188","","00188","brand_id","","","","URYU","nombre del producto","la primera palabra coincide con una marca ya existente","MEDIUM","producto sin marca cuyo nombre empieza con una marca de la tabla"
"51aff9f9-23e0-4885-85ee-5d14610bef06","PRO00190","","00190","brand_id","","","","URYU","nombre del producto","la primera palabra coincide con una marca ya existente","MEDIUM","producto sin marca cuyo nombre empieza con una marca de la tabla"
"69007d47-8d3f-4cc6-80b3-417bec90b902","PRO00191","","00191","brand_id","","","","URYU","nombre del producto","la primera palabra coincide con una marca ya existente","MEDIUM","producto sin marca cuyo nombre empieza con una marca de la tabla"
"c67724f0-11bf-4503-9dcb-395530386f74","PRO00193","","00193","brand_id","","","","URYU","nombre del producto","la primera palabra coincide con una marca ya existente","MEDIUM","producto sin marca cuyo nombre empieza con una marca de la tabla"
"55428489-bac0-4c4b-b0ca-13ade6194f67","PRO00194","","00194","brand_id","","","","URYU","nombre del producto","la primera palabra coincide con una marca ya existente","MEDIUM","producto sin marca cuyo nombre empieza con una marca de la tabla"
"cc34158c-e23f-4b46-b5c1-d6d396abad72","PRO00196","","00196","brand_id","","","","URYU","nombre del producto","la primera palabra coincide con una marca ya existente","MEDIUM","producto sin marca cuyo nombre empieza con una marca de la tabla"
"9d1821eb-105e-404e-819a-a1ab9173fa15","PRO00208","","00208","brand_id","","","","ESTIC","nombre del producto","la primera palabra coincide con una marca ya existente","MEDIUM","producto sin marca cuyo nombre empieza con una marca de la tabla"
"6f9e5e80-0385-438f-bf18-fda36324852c","PRO00209","","00209","brand_id","","","","ESTIC","nombre del producto","la primera palabra coincide con una marca ya existente","MEDIUM","producto sin marca cuyo nombre empieza con una marca de la tabla"
"2ea8870a-c3ad-4ff1-924d-7f34d5e4ab4a","PRO00215","","00215","brand_id","","","","ESTIC","nombre del producto","la primera palabra coincide con una marca ya existente","MEDIUM","producto sin marca cuyo nombre empieza con una marca de la tabla"
"031fc4ec-866d-4927-ba19-267f7139753b","PRO00222","","00222","brand_id","","","","URYU","nombre del producto","la primera palabra coincide con una marca ya existente","MEDIUM","producto sin marca cuyo nombre empieza con una marca de la tabla"
"a13250df-6404-4bfb-8c69-d066c6584cb7","PRO00223","","00223","brand_id","","","","URYU","nombre del producto","la primera palabra coincide con una marca ya existente","MEDIUM","producto sin marca cuyo nombre empieza con una marca de la tabla"
"fdc8e9c9-497e-4f2e-9852-45e890480545","PRO00224","","00224","brand_id","","","","URYU","nombre del producto","la primera palabra coincide con una marca ya existente","MEDIUM","producto sin marca cuyo nombre empieza con una marca de la tabla"
"8a00373b-c1b1-4a2c-8f88-bd6e9d7bc207","PRO00225","","00225","brand_id","","","","URYU","nombre del producto","la primera palabra coincide con una marca ya existente","MEDIUM","producto sin marca cuyo nombre empieza con una marca de la tabla"
"4e611bbe-f8bd-48b1-b241-d83e7a843741","PRO00226","","00226","brand_id","","","","URYU","nombre del producto","la primera palabra coincide con una marca ya existente","MEDIUM","producto sin marca cuyo nombre empieza con una marca de la tabla"
"2f5d707f-00de-4925-8f35-a73439737a6a","PRO00227","","00227","brand_id","","","","URYU","nombre del producto","la primera palabra coincide con una marca ya existente","MEDIUM","producto sin marca cuyo nombre empieza con una marca de la tabla"
"f66a7138-bfcc-4236-adbe-df46990e5b89","PRO00228","","00228","brand_id","","","","URYU","nombre del producto","la primera palabra coincide con una marca ya existente","MEDIUM","producto sin marca cuyo nombre empieza con una marca de la tabla"
"5a1fea31-d5f0-4906-a68d-2ef92be74cf1","PRO00229","","00229","brand_id","","","","URYU","nombre del producto","la primera palabra coincide con una marca ya existente","MEDIUM","producto sin marca cuyo nombre empieza con una marca de la tabla"
"24daab44-7069-4781-ab9e-8f9fe880f352","PRO00232","","00232","brand_id","","","","ESTIC","nombre del producto","la primera palabra coincide con una marca ya existente","MEDIUM","producto sin marca cuyo nombre empieza con una marca de la tabla"
"3452a0c8-95f3-4897-accb-28b1af047fc4","PRO00237","","00237","brand_id","","","","GEDORE","nombre del producto","la primera palabra coincide con una marca ya existente","MEDIUM","producto sin marca cuyo nombre empieza con una marca de la tabla"
"844bb683-d041-43d8-9de6-e3acc366ffd7","PRO00238","","00238","brand_id","","","","GEDORE","nombre del producto","la primera palabra coincide con una marca ya existente","MEDIUM","producto sin marca cuyo nombre empieza con una marca de la tabla"
"c9b7e221-91e3-4c80-a24e-0eb9f4b26cb4","PRO00240","","00240","brand_id","","","","GEDORE","nombre del producto","la primera palabra coincide con una marca ya existente","MEDIUM","producto sin marca cuyo nombre empieza con una marca de la tabla"
"b8dad091-fb67-4afb-a2f6-3ff142650b0b","PRO00243","","00243","brand_id","","","","INGERSOLL RAND","nombre del producto","la primera palabra coincide con una marca ya existente","MEDIUM","producto sin marca cuyo nombre empieza con una marca de la tabla"
"03936af2-3650-41ca-b60c-39d2f86e9e4d","PRO00244","","00244","brand_id","","","","ESTIC","nombre del producto","la primera palabra coincide con una marca ya existente","MEDIUM","producto sin marca cuyo nombre empieza con una marca de la tabla"
"59966055-8555-4847-a669-d4148075ca6c","PRO00245","","00245","brand_id","","","","ESTIC","nombre del producto","la primera palabra coincide con una marca ya existente","MEDIUM","producto sin marca cuyo nombre empieza con una marca de la tabla"
"66f06a74-c959-41de-841a-3d5c12b22460","PRO00246","","00246","brand_id","","","","ESTIC","nombre del producto","la primera palabra coincide con una marca ya existente","MEDIUM","producto sin marca cuyo nombre empieza con una marca de la tabla"
"6913cd70-26eb-4068-b2a1-55595b5b303c","PRO00247","","00247","brand_id","","","","ESTIC","nombre del producto","la primera palabra coincide con una marca ya existente","MEDIUM","producto sin marca cuyo nombre empieza con una marca de la tabla"
"17ec9daa-34f4-49d4-b81d-70f7935c1930","PRO00249","","00249","brand_id","","","","APEX","nombre del producto","la primera palabra coincide con una marca ya existente","MEDIUM","producto sin marca cuyo nombre empieza con una marca de la tabla"
"c9addd11-c08a-4c02-9451-5a197a66381d","PRO00265","","00265","brand_id","","","","URYU","nombre del producto","la primera palabra coincide con una marca ya existente","MEDIUM","producto sin marca cuyo nombre empieza con una marca de la tabla"
"cdfbf358-e8fd-4b41-bafa-cab2ddd583d6","PRO00266","","00266","brand_id","","","","URYU","nombre del producto","la primera palabra coincide con una marca ya existente","MEDIUM","producto sin marca cuyo nombre empieza con una marca de la tabla"
"d7ac9059-8b99-40e8-a9d7-31650e33ddb6","PRO00267","","00267","brand_id","","","","URYU","nombre del producto","la primera palabra coincide con una marca ya existente","MEDIUM","producto sin marca cuyo nombre empieza con una marca de la tabla"
"52263b00-1c19-4d94-986e-f38547ec51c8","PRO00290","","00290","brand_id","","","","URYU","nombre del producto","la primera palabra coincide con una marca ya existente","MEDIUM","producto sin marca cuyo nombre empieza con una marca de la tabla"
"53f9468f-84ad-43bb-9283-e97f8ec7c2b6","PRO00291","","00291","brand_id","","","","URYU","nombre del producto","la primera palabra coincide con una marca ya existente","MEDIUM","producto sin marca cuyo nombre empieza con una marca de la tabla"
"7a36ebfe-582e-41dd-be58-5232d3aebe71","PRO00292","","00292","brand_id","","","","URYU","nombre del producto","la primera palabra coincide con una marca ya existente","MEDIUM","producto sin marca cuyo nombre empieza con una marca de la tabla"
"e730ad2f-aced-4a1b-9c94-7da63b8883c6","PRO00306","","00306","brand_id","","","","APEX","nombre del producto","la primera palabra coincide con una marca ya existente","MEDIUM","producto sin marca cuyo nombre empieza con una marca de la tabla"
"341a66b9-9b42-4adf-ae34-ac198d9752ed","PRO00314","","00314","brand_id","","","","GEDORE","nombre del producto","la primera palabra coincide con una marca ya existente","MEDIUM","producto sin marca cuyo nombre empieza con una marca de la tabla"
"673b5790-ec5e-4a73-a642-aba14e993d75","PRO00315","","00315","brand_id","","","","GEDORE","nombre del producto","la primera palabra coincide con una marca ya existente","MEDIUM","producto sin marca cuyo nombre empieza con una marca de la tabla"
"46fe9acb-04f6-444d-b9b7-bde7d870ee80","PRO00316","","00316","brand_id","","","","GEDORE","nombre del producto","la primera palabra coincide con una marca ya existente","MEDIUM","producto sin marca cuyo nombre empieza con una marca de la tabla"
"5b25b2b5-9b23-412c-bb0a-a36facb79f85","PRO00317","","00317","brand_id","","","","ESTIC","nombre del producto","la primera palabra coincide con una marca ya existente","MEDIUM","producto sin marca cuyo nombre empieza con una marca de la tabla"
"6d0fbda1-646d-4869-a766-7bf11407f0fb","PRO00318","","00318","brand_id","","","","ESTIC","nombre del producto","la primera palabra coincide con una marca ya existente","MEDIUM","producto sin marca cuyo nombre empieza con una marca de la tabla"
"993eddcf-8fad-4fb1-90b1-f0330ad76d58","PRO00319","","00319","brand_id","","","","ESTIC","nombre del producto","la primera palabra coincide con una marca ya existente","MEDIUM","producto sin marca cuyo nombre empieza con una marca de la tabla"
"7f449d0c-f088-4bc1-bff3-d03c312a32b5","PRO00320","","00320","brand_id","","","","ESTIC","nombre del producto","la primera palabra coincide con una marca ya existente","MEDIUM","producto sin marca cuyo nombre empieza con una marca de la tabla"
"a29f0e23-d7f4-4307-8821-c05ba9d2aa14","PRO00321","","00321","brand_id","","","","ESTIC","nombre del producto","la primera palabra coincide con una marca ya existente","MEDIUM","producto sin marca cuyo nombre empieza con una marca de la tabla"
"80ea0fb3-e309-46f3-b0bf-bdb6c2ebe906","PRO00322","","00322","brand_id","","","","ESTIC","nombre del producto","la primera palabra coincide con una marca ya existente","MEDIUM","producto sin marca cuyo nombre empieza con una marca de la tabla"
"8bd2a92a-8d54-4854-b9b8-177884f57d98","PRO00323","","00323","brand_id","","","","ESTIC","nombre del producto","la primera palabra coincide con una marca ya existente","MEDIUM","producto sin marca cuyo nombre empieza con una marca de la tabla"
"dab89510-c255-4b9c-a3f2-77292bfb673f","PRO00324","","00324","brand_id","","","","ESTIC","nombre del producto","la primera palabra coincide con una marca ya existente","MEDIUM","producto sin marca cuyo nombre empieza con una marca de la tabla"
"0cf97439-0d1c-41ff-acb2-aadb701621e3","PRO00325","","00325","brand_id","","","","ESTIC","nombre del producto","la primera palabra coincide con una marca ya existente","MEDIUM","producto sin marca cuyo nombre empieza con una marca de la tabla"
"d01668cd-fc88-4637-a570-8c1fe40cfec7","PRO00326","","00326","brand_id","","","","ESTIC","nombre del producto","la primera palabra coincide con una marca ya existente","MEDIUM","producto sin marca cuyo nombre empieza con una marca de la tabla"
"f6c8dccc-25b9-4cc1-9806-c51637352550","PRO00327","","00327","brand_id","","","","ESTIC","nombre del producto","la primera palabra coincide con una marca ya existente","MEDIUM","producto sin marca cuyo nombre empieza con una marca de la tabla"
"ba0aeb2e-7359-4d00-acfa-baa41e650113","PRO00330","","00330","brand_id","","","","INGERSOLL RAND","nombre del producto","la primera palabra coincide con una marca ya existente","MEDIUM","producto sin marca cuyo nombre empieza con una marca de la tabla"
"35f30177-49ca-45ac-b9c1-7de2da62c9a4","PRO00331","","00331","brand_id","","","","INGERSOLL RAND","nombre del producto","la primera palabra coincide con una marca ya existente","MEDIUM","producto sin marca cuyo nombre empieza con una marca de la tabla"
"c4131361-996d-433b-99b7-c6abbd7a83f9","PRO00332","","00332","brand_id","","","","INGERSOLL RAND","nombre del producto","la primera palabra coincide con una marca ya existente","MEDIUM","producto sin marca cuyo nombre empieza con una marca de la tabla"
"82382662-2b85-4caf-a818-5247f07c811c","PRO00333","","00333","brand_id","","","","INGERSOLL RAND","nombre del producto","la primera palabra coincide con una marca ya existente","MEDIUM","producto sin marca cuyo nombre empieza con una marca de la tabla"
"427d8397-e2f8-4480-9861-96747cd0798f","PRO00334","","00334","brand_id","","","","INGERSOLL RAND","nombre del producto","la primera palabra coincide con una marca ya existente","MEDIUM","producto sin marca cuyo nombre empieza con una marca de la tabla"
"e3f9c68f-7e05-4a16-932d-0adb62fed8cc","PRO00335","","00335","brand_id","","","","INGERSOLL RAND","nombre del producto","la primera palabra coincide con una marca ya existente","MEDIUM","producto sin marca cuyo nombre empieza con una marca de la tabla"
"91930103-11c6-4a93-9be9-d5761db5e9de","PRO00336","","00336","brand_id","","","","INGERSOLL RAND","nombre del producto","la primera palabra coincide con una marca ya existente","MEDIUM","producto sin marca cuyo nombre empieza con una marca de la tabla"
"b252e341-7ca8-42ad-8339-88483456e656","PRO00337","","00337","brand_id","","","","INGERSOLL RAND","nombre del producto","la primera palabra coincide con una marca ya existente","MEDIUM","producto sin marca cuyo nombre empieza con una marca de la tabla"
"df9667e6-131b-4417-b3e5-29371d5a9b95","PRO00338","","00338","brand_id","","","","INGERSOLL RAND","nombre del producto","la primera palabra coincide con una marca ya existente","MEDIUM","producto sin marca cuyo nombre empieza con una marca de la tabla"
"e4ae699b-199f-4b63-876c-4b4272735094","PRO00339","","00339","brand_id","","","","INGERSOLL RAND","nombre del producto","la primera palabra coincide con una marca ya existente","MEDIUM","producto sin marca cuyo nombre empieza con una marca de la tabla"
"2f608064-d177-4516-9741-bb40e5ad158b","PRO00340","","00340","brand_id","","","","INGERSOLL RAND","nombre del producto","la primera palabra coincide con una marca ya existente","MEDIUM","producto sin marca cuyo nombre empieza con una marca de la tabla"
"ffb8a0f6-9ddc-4c2e-8153-a08b4db11e1e","PRO00394","","00394","brand_id","","","","URYU","nombre del producto","la primera palabra coincide con una marca ya existente","MEDIUM","producto sin marca cuyo nombre empieza con una marca de la tabla"
"525b9f82-452e-46aa-b80a-5d4972d9a9bc","PRO00399","","00399","brand_id","","","","INGERSOLL RAND","nombre del producto","la primera palabra coincide con una marca ya existente","MEDIUM","producto sin marca cuyo nombre empieza con una marca de la tabla"
"f4c1edd3-000d-402c-8b0d-fb42b6f6ed0e","PRO00400","","00400","brand_id","","","","ESTIC","nombre del producto","la primera palabra coincide con una marca ya existente","MEDIUM","producto sin marca cuyo nombre empieza con una marca de la tabla"
"591ca8bd-c0e5-427e-b363-5e4a59802fad","PRO00402","","00402","brand_id","","","","TORQUETOOLS","nombre del producto","la primera palabra coincide con una marca ya existente","MEDIUM","producto sin marca cuyo nombre empieza con una marca de la tabla"
"b180b6c1-d46b-441f-84d1-7ea40b65e2c9","PRO00403","","00403","brand_id","","","","ESTIC","nombre del producto","la primera palabra coincide con una marca ya existente","MEDIUM","producto sin marca cuyo nombre empieza con una marca de la tabla"
"17bd45f1-1b3e-4ab0-b02e-7f6c6eaf2696","PRO00404","","00404","brand_id","","","","GEDORE","nombre del producto","la primera palabra coincide con una marca ya existente","MEDIUM","producto sin marca cuyo nombre empieza con una marca de la tabla"
"55c0aac3-a0da-4782-b359-55e59d71164a","PRO00405","","00405","brand_id","","","","APEX","nombre del producto","la primera palabra coincide con una marca ya existente","MEDIUM","producto sin marca cuyo nombre empieza con una marca de la tabla"
"2a39a0a1-9930-4dd2-a2ce-6d6a6c2dfe0f","PRO00406","","00406","brand_id","","","","APEX","nombre del producto","la primera palabra coincide con una marca ya existente","MEDIUM","producto sin marca cuyo nombre empieza con una marca de la tabla"
"0a69f559-cf96-48eb-a83d-13d4f6e315cb","PRO00409","","00409","brand_id","","","","ESTIC","nombre del producto","la primera palabra coincide con una marca ya existente","MEDIUM","producto sin marca cuyo nombre empieza con una marca de la tabla"
"37b504b7-01dc-422f-92a8-cfb31dad1fa8","PRO00410","","00410","brand_id","","","","GEDORE","nombre del producto","la primera palabra coincide con una marca ya existente","MEDIUM","producto sin marca cuyo nombre empieza con una marca de la tabla"
"037b02b9-97ff-4434-8358-36a28a4dcd3c","PRO00411","","00411","brand_id","","","","RIVIT","nombre del producto","la primera palabra coincide con una marca ya existente","MEDIUM","producto sin marca cuyo nombre empieza con una marca de la tabla"
"0ef76e28-5e45-4e6a-88d9-2a1b480b71e7","PRO00414","","00414","brand_id","","","","RIVIT","nombre del producto","la primera palabra coincide con una marca ya existente","MEDIUM","producto sin marca cuyo nombre empieza con una marca de la tabla"
"6e217c28-9a6f-4cb9-bfba-0f55c0379277","PRO00415","","00415","brand_id","","","","RIVIT","nombre del producto","la primera palabra coincide con una marca ya existente","MEDIUM","producto sin marca cuyo nombre empieza con una marca de la tabla"
"2d116da8-0023-40a6-b3bc-204e63330be9","PRO00417","","00417","brand_id","","","","URYU","nombre del producto","la primera palabra coincide con una marca ya existente","MEDIUM","producto sin marca cuyo nombre empieza con una marca de la tabla"
"54ef658a-a822-4e8e-8d72-be3450811358","PRO00418","","00418","brand_id","","","","URYU","nombre del producto","la primera palabra coincide con una marca ya existente","MEDIUM","producto sin marca cuyo nombre empieza con una marca de la tabla"
"8484b73b-0d1f-45e6-8074-e2471957c98c","PRO00419","","00419","brand_id","","","","URYU","nombre del producto","la primera palabra coincide con una marca ya existente","MEDIUM","producto sin marca cuyo nombre empieza con una marca de la tabla"
"6d2b8c53-9b88-442c-9797-179c96af6a51","PRO00420","","00420","brand_id","","","","URYU","nombre del producto","la primera palabra coincide con una marca ya existente","MEDIUM","producto sin marca cuyo nombre empieza con una marca de la tabla"
"df864597-429a-4795-ad24-e6e52836df33","PRO00421","","00421","brand_id","","","","URYU","nombre del producto","la primera palabra coincide con una marca ya existente","MEDIUM","producto sin marca cuyo nombre empieza con una marca de la tabla"
"5fe7617f-12f4-4c10-9b89-5f129289fe57","PRO00422","","00422","brand_id","","","","URYU","nombre del producto","la primera palabra coincide con una marca ya existente","MEDIUM","producto sin marca cuyo nombre empieza con una marca de la tabla"
"96c2e9b8-0f9a-48d8-aae8-fb854374472a","PRO00433","","00433","brand_id","","","","TOHNICHI","nombre del producto","la primera palabra coincide con una marca ya existente","MEDIUM","producto sin marca cuyo nombre empieza con una marca de la tabla"
"ff8193ce-9ff5-46ba-98a6-c030399f8d3c","PRO00434","","00434","brand_id","","","","TOHNICHI","nombre del producto","la primera palabra coincide con una marca ya existente","MEDIUM","producto sin marca cuyo nombre empieza con una marca de la tabla"
"4eb2de63-588e-4b14-b9c2-d54ab3650f10","PRO00435","","00435","brand_id","","","","TOHNICHI","nombre del producto","la primera palabra coincide con una marca ya existente","MEDIUM","producto sin marca cuyo nombre empieza con una marca de la tabla"
"c3cff580-604f-4aab-84c6-526f3d5e8c66","PRO00436","","00436","brand_id","","","","TOHNICHI","nombre del producto","la primera palabra coincide con una marca ya existente","MEDIUM","producto sin marca cuyo nombre empieza con una marca de la tabla"
"70aec073-0a2f-4a6c-b782-2d0aecfcdbc2","PRO00441","","00441","brand_id","","","","GEDORE","nombre del producto","la primera palabra coincide con una marca ya existente","MEDIUM","producto sin marca cuyo nombre empieza con una marca de la tabla"
"c12a12fc-7b35-49d6-ba79-9e7b17f54143","PRO00814","","PRO00814","brand_id","","","","INGERSOLL RAND","nombre del producto","la primera palabra coincide con una marca ya existente","MEDIUM","producto sin marca cuyo nombre empieza con una marca de la tabla"
"bcd7a970-7fb4-4855-8f12-9c5750f4fc20","PRO03660","","03660","brand_id","","","","GEDORE","nombre del producto","la primera palabra coincide con una marca ya existente","MEDIUM","producto sin marca cuyo nombre empieza con una marca de la tabla"
"d3b11351-c0ec-4b30-8313-eb8ab3e1857c","PRO03661","","03661","brand_id","","","","TOHNICHI","nombre del producto","la primera palabra coincide con una marca ya existente","MEDIUM","producto sin marca cuyo nombre empieza con una marca de la tabla"
"9ec22725-c941-4860-a730-29b367dae8d3","PRO03663","","03663","brand_id","","","","TOHNICHI","nombre del producto","la primera palabra coincide con una marca ya existente","MEDIUM","producto sin marca cuyo nombre empieza con una marca de la tabla"
"6883d777-c64b-4282-bb2a-b024bc702ea6","PRO03664","","03664","brand_id","","","","TOHNICHI","nombre del producto","la primera palabra coincide con una marca ya existente","MEDIUM","producto sin marca cuyo nombre empieza con una marca de la tabla"
"f8a30e08-27c7-4726-94f9-cbf57e2c9753","PRO03667","","03667","brand_id","","","","INGERSOLL RAND","nombre del producto","la primera palabra coincide con una marca ya existente","MEDIUM","producto sin marca cuyo nombre empieza con una marca de la tabla"
"3bfcda37-d91d-4f97-b6f4-1e07e752aa3b","PRO03873","","03873","brand_id","","","","RIVIT","nombre del producto","la primera palabra coincide con una marca ya existente","MEDIUM","producto sin marca cuyo nombre empieza con una marca de la tabla"
"3cbe8d5f-be20-48b8-8b30-c34ff65d4972","PRO03874","","03874","brand_id","","","","RIVIT","nombre del producto","la primera palabra coincide con una marca ya existente","MEDIUM","producto sin marca cuyo nombre empieza con una marca de la tabla"
"107accd0-df7c-4137-bf8d-10328c08dc32","PRO03875","","03875","brand_id","","","","RIVIT","nombre del producto","la primera palabra coincide con una marca ya existente","MEDIUM","producto sin marca cuyo nombre empieza con una marca de la tabla"
"81e777a1-11d6-450b-acfc-f874ad272c88","PRO03876","","03876","brand_id","","","","TORQUETOOLS","nombre del producto","la primera palabra coincide con una marca ya existente","MEDIUM","producto sin marca cuyo nombre empieza con una marca de la tabla"
"cc16919d-1d78-4d72-8b4a-e0106ea424e9","PRO03877","","03877","brand_id","","","","RIVIT","nombre del producto","la primera palabra coincide con una marca ya existente","MEDIUM","producto sin marca cuyo nombre empieza con una marca de la tabla"
"37db1f06-ea88-40c3-8903-6343369e5a24","PRO03894","","03894","brand_id","","","","ESTIC","nombre del producto","la primera palabra coincide con una marca ya existente","MEDIUM","producto sin marca cuyo nombre empieza con una marca de la tabla"
"68051f1a-0a5e-4881-b981-29180cabd064","PRO03895","","03895","brand_id","","","","ESTIC","nombre del producto","la primera palabra coincide con una marca ya existente","MEDIUM","producto sin marca cuyo nombre empieza con una marca de la tabla"
"ac6caaa1-c732-461a-884b-6bc439f643d1","PRO03896","","03896","brand_id","","","","ESTIC","nombre del producto","la primera palabra coincide con una marca ya existente","MEDIUM","producto sin marca cuyo nombre empieza con una marca de la tabla"
"1899cecd-c501-4634-a2fc-e52aef86ba0a","PRO03899","","03899","brand_id","","","","GEDORE","nombre del producto","la primera palabra coincide con una marca ya existente","MEDIUM","producto sin marca cuyo nombre empieza con una marca de la tabla"
"f1029daf-9eeb-476c-83c5-7fb94d84501e","PRO03901","","03901","brand_id","","","","TOHNICHI","nombre del producto","la primera palabra coincide con una marca ya existente","MEDIUM","producto sin marca cuyo nombre empieza con una marca de la tabla"
"be2c90a2-84a6-43ff-88c7-37e7fe6a3195","PRO03903","","03903","brand_id","","","","GEDORE","nombre del producto","la primera palabra coincide con una marca ya existente","MEDIUM","producto sin marca cuyo nombre empieza con una marca de la tabla"
"4811d1fc-8f23-4911-ab22-335b1e3761a5","PRO03904","","03904","brand_id","","","","GEDORE","nombre del producto","la primera palabra coincide con una marca ya existente","MEDIUM","producto sin marca cuyo nombre empieza con una marca de la tabla"
"b33c5ca3-4baf-42cd-b5f7-3508cb3a1f17","PRO03905","","03905","brand_id","","","","GEDORE","nombre del producto","la primera palabra coincide con una marca ya existente","MEDIUM","producto sin marca cuyo nombre empieza con una marca de la tabla"
"ef0d0df3-a409-4c98-bf9f-b6b5e444b087","PRO03912","","03912","brand_id","","","","RIVIT","nombre del producto","la primera palabra coincide con una marca ya existente","MEDIUM","producto sin marca cuyo nombre empieza con una marca de la tabla"
"0744ab57-94c6-4a86-836a-cfc84d572bb6","PRO03913","","03913","brand_id","","","","RIVIT","nombre del producto","la primera palabra coincide con una marca ya existente","MEDIUM","producto sin marca cuyo nombre empieza con una marca de la tabla"
"f1d410c4-1581-44f1-bc85-02ca7a922ee8","PRO03914","","03914","brand_id","","","","GEDORE","nombre del producto","la primera palabra coincide con una marca ya existente","MEDIUM","producto sin marca cuyo nombre empieza con una marca de la tabla"
"96956714-6bcb-4c8d-825d-87e2a01be1e7","PRO03915","","03915","brand_id","","","","GEDORE","nombre del producto","la primera palabra coincide con una marca ya existente","MEDIUM","producto sin marca cuyo nombre empieza con una marca de la tabla"
"bf1bbef4-ba15-4095-8ae2-70b043783efc","PRO03916","","03916","brand_id","","","","GEDORE","nombre del producto","la primera palabra coincide con una marca ya existente","MEDIUM","producto sin marca cuyo nombre empieza con una marca de la tabla"
"5b929e0c-5cc3-454c-8299-d40a9301215f","PRO03917","","03917","brand_id","","","","RIVIT","nombre del producto","la primera palabra coincide con una marca ya existente","MEDIUM","producto sin marca cuyo nombre empieza con una marca de la tabla"
"193f4a7e-0f61-4ed8-8ef5-017663a4b70f","PRO03918","","03918","brand_id","","","","RIVIT","nombre del producto","la primera palabra coincide con una marca ya existente","MEDIUM","producto sin marca cuyo nombre empieza con una marca de la tabla"
"39b72018-11b3-42db-b326-c82e2b1654bb","PRO03921","","03921","brand_id","","","","APEX","nombre del producto","la primera palabra coincide con una marca ya existente","MEDIUM","producto sin marca cuyo nombre empieza con una marca de la tabla"
"3bac4095-e908-4bb0-bc19-c0129cfacc8c","PRO03929","","03929","brand_id","","","","GEDORE","nombre del producto","la primera palabra coincide con una marca ya existente","MEDIUM","producto sin marca cuyo nombre empieza con una marca de la tabla"
"dd775814-15ea-4867-a2ba-ae64b34d5829","PRO03932","","03932","brand_id","","","","URYU","nombre del producto","la primera palabra coincide con una marca ya existente","MEDIUM","producto sin marca cuyo nombre empieza con una marca de la tabla"
"2249af2f-6fa3-4e7f-88c4-ffbe7aa688df","PRO04010","","04010","brand_id","","","","URYU","nombre del producto","la primera palabra coincide con una marca ya existente","MEDIUM","producto sin marca cuyo nombre empieza con una marca de la tabla"
"58bae902-410c-4133-af9d-d969ff9a8f69","PRO04011","","04011","brand_id","","","","URYU","nombre del producto","la primera palabra coincide con una marca ya existente","MEDIUM","producto sin marca cuyo nombre empieza con una marca de la tabla"
"f0686787-8766-4883-a0c7-5069d33bd641","PRO04012","","04012","brand_id","","","","ESTIC","nombre del producto","la primera palabra coincide con una marca ya existente","MEDIUM","producto sin marca cuyo nombre empieza con una marca de la tabla"
"f44d8503-24ae-46f1-ac7c-c3645e3a5321","PRO04014","","04014","brand_id","","","","RIVIT","nombre del producto","la primera palabra coincide con una marca ya existente","MEDIUM","producto sin marca cuyo nombre empieza con una marca de la tabla"
"a37a45d2-631c-4bc4-9f19-6ea46b53144b","PRO04015","","04015","brand_id","","","","RIVIT","nombre del producto","la primera palabra coincide con una marca ya existente","MEDIUM","producto sin marca cuyo nombre empieza con una marca de la tabla"
"be8dada7-2ce2-4c8d-b3fe-dfadbdb45e1a","PRO04053","","04053","brand_id","","","","ESTIC","nombre del producto","la primera palabra coincide con una marca ya existente","MEDIUM","producto sin marca cuyo nombre empieza con una marca de la tabla"
"c666f3aa-aa36-4667-83ac-158417ad97c4","PRO04054","","04054","brand_id","","","","RIVIT","nombre del producto","la primera palabra coincide con una marca ya existente","MEDIUM","producto sin marca cuyo nombre empieza con una marca de la tabla"
"71e6ff05-0b1f-4ea6-ba61-ad68ad513551","PRO04055","","04055","brand_id","","","","RIVIT","nombre del producto","la primera palabra coincide con una marca ya existente","MEDIUM","producto sin marca cuyo nombre empieza con una marca de la tabla"
"470af4d3-9a5d-42b8-9807-2661e337aa22","PRO04059","","04059","brand_id","","","","TOHNICHI","nombre del producto","la primera palabra coincide con una marca ya existente","MEDIUM","producto sin marca cuyo nombre empieza con una marca de la tabla"
"107146bf-36e4-4f32-83c6-6a3361d99dd4","PRO04060","","04060","brand_id","","","","TOHNICHI","nombre del producto","la primera palabra coincide con una marca ya existente","MEDIUM","producto sin marca cuyo nombre empieza con una marca de la tabla"
"2497143d-cea2-4d53-b8db-73b580b97bfc","PRO04085","","04085","brand_id","","","","GEDORE","nombre del producto","la primera palabra coincide con una marca ya existente","MEDIUM","producto sin marca cuyo nombre empieza con una marca de la tabla"
"f3fbe0a6-7048-41b5-8e65-6402d7e593fe","PRO04086","","04086","brand_id","","","","GEDORE","nombre del producto","la primera palabra coincide con una marca ya existente","MEDIUM","producto sin marca cuyo nombre empieza con una marca de la tabla"
"1c57ed80-e04b-49d5-9653-6255ca1d10f2","PRO04093","","04093","brand_id","","","","GEDORE","nombre del producto","la primera palabra coincide con una marca ya existente","MEDIUM","producto sin marca cuyo nombre empieza con una marca de la tabla"
"49880590-5c58-4466-b695-9380ec772f99","PRO04097","","04097","brand_id","","","","GEDORE","nombre del producto","la primera palabra coincide con una marca ya existente","MEDIUM","producto sin marca cuyo nombre empieza con una marca de la tabla"
"97721da3-ae5f-4878-b877-14b6153e52a9","PRO04098","","04098","brand_id","","","","GEDORE","nombre del producto","la primera palabra coincide con una marca ya existente","MEDIUM","producto sin marca cuyo nombre empieza con una marca de la tabla"
"093bf368-cda0-42cd-a068-8b93dc90e13c","PRO04166","","04166","brand_id","","","","GEDORE","nombre del producto","la primera palabra coincide con una marca ya existente","MEDIUM","producto sin marca cuyo nombre empieza con una marca de la tabla"
"22eaa00c-b63e-4547-a5de-b3ac84b0b39c","PRO04167","","04167","brand_id","","","","GEDORE","nombre del producto","la primera palabra coincide con una marca ya existente","MEDIUM","producto sin marca cuyo nombre empieza con una marca de la tabla"
"40e34e61-7c0c-4f1d-ba1f-97ca8b531a96","PRO04189","","04189","brand_id","","","","GEDORE","nombre del producto","la primera palabra coincide con una marca ya existente","MEDIUM","producto sin marca cuyo nombre empieza con una marca de la tabla"
"62c8675b-ac34-4229-8d47-6be63f362d17","PRO04190","","04190","brand_id","","","","GEDORE","nombre del producto","la primera palabra coincide con una marca ya existente","MEDIUM","producto sin marca cuyo nombre empieza con una marca de la tabla"
"e5479382-21dc-4268-a314-61445bd69d25","PRO04191","","04191","brand_id","","","","GEDORE","nombre del producto","la primera palabra coincide con una marca ya existente","MEDIUM","producto sin marca cuyo nombre empieza con una marca de la tabla"
"5f45eebe-1495-49cf-aecc-ee196e63b15f","PRO04197","","04197","brand_id","","","","GEDORE","nombre del producto","la primera palabra coincide con una marca ya existente","MEDIUM","producto sin marca cuyo nombre empieza con una marca de la tabla"
"09bc0a23-5d71-4136-ab5e-518e69620da4","PRO04198","","04198","brand_id","","","","GEDORE","nombre del producto","la primera palabra coincide con una marca ya existente","MEDIUM","producto sin marca cuyo nombre empieza con una marca de la tabla"
"1e9a7d76-8f53-46f5-8b77-d8fb836abcf9","PRO04202","","04202","brand_id","","","","GEDORE","nombre del producto","la primera palabra coincide con una marca ya existente","MEDIUM","producto sin marca cuyo nombre empieza con una marca de la tabla"
"e442aeb8-9e1a-44a6-b3ed-d1c7b62d5bbf","PRO04206","","04206","brand_id","","","","GEDORE","nombre del producto","la primera palabra coincide con una marca ya existente","MEDIUM","producto sin marca cuyo nombre empieza con una marca de la tabla"
"39739b54-403d-4b7f-aee1-a2287cf99a27","PRO04207","","04207","brand_id","","","","GEDORE","nombre del producto","la primera palabra coincide con una marca ya existente","MEDIUM","producto sin marca cuyo nombre empieza con una marca de la tabla"
"ce8186c4-3e31-4c12-a047-f00aa237da4d","PRO04214","","04214","brand_id","","","","GEDORE","nombre del producto","la primera palabra coincide con una marca ya existente","MEDIUM","producto sin marca cuyo nombre empieza con una marca de la tabla"
"3a2b1960-7c90-4d73-9e96-61692328742a","PRO04215","","04215","brand_id","","","","GEDORE","nombre del producto","la primera palabra coincide con una marca ya existente","MEDIUM","producto sin marca cuyo nombre empieza con una marca de la tabla"
"9537348d-4a17-4d8a-9ac1-4ae23d12e276","PRO04216","","04216","brand_id","","","","GEDORE","nombre del producto","la primera palabra coincide con una marca ya existente","MEDIUM","producto sin marca cuyo nombre empieza con una marca de la tabla"
"e4365303-f8ee-443c-acff-12162a7108ff","PRO04217","","04217","brand_id","","","","GEDORE","nombre del producto","la primera palabra coincide con una marca ya existente","MEDIUM","producto sin marca cuyo nombre empieza con una marca de la tabla"
"51e726d3-cc31-4b64-bc5e-378f2ca6e9b3","PRO04218","","04218","brand_id","","","","GEDORE","nombre del producto","la primera palabra coincide con una marca ya existente","MEDIUM","producto sin marca cuyo nombre empieza con una marca de la tabla"
"7fc82dc5-788e-4354-b1df-f5cf23a72463","PRO04219","","04219","brand_id","","","","GEDORE","nombre del producto","la primera palabra coincide con una marca ya existente","MEDIUM","producto sin marca cuyo nombre empieza con una marca de la tabla"
"204a68ff-9a50-4047-b1ed-c357b7973c68","PRO04241","","04241","brand_id","","","","GEDORE","nombre del producto","la primera palabra coincide con una marca ya existente","MEDIUM","producto sin marca cuyo nombre empieza con una marca de la tabla"
"c3c119a6-fa29-4c99-90e3-1a8adc33d7e2","PRO04242","","04242","brand_id","","","","GEDORE","nombre del producto","la primera palabra coincide con una marca ya existente","MEDIUM","producto sin marca cuyo nombre empieza con una marca de la tabla"
"71f69cc4-0140-452b-ab21-5819861aeb2b","PRO04243","","04243","brand_id","","","","GEDORE","nombre del producto","la primera palabra coincide con una marca ya existente","MEDIUM","producto sin marca cuyo nombre empieza con una marca de la tabla"
"69e17dbf-d0ab-42e0-916d-9a502396ecb4","PRO04266","","04266","brand_id","","","","GEDORE","nombre del producto","la primera palabra coincide con una marca ya existente","MEDIUM","producto sin marca cuyo nombre empieza con una marca de la tabla"
"b83f5936-ca13-4eb6-afa9-036a0cceb089","PRO04273","","04273","brand_id","","","","GEDORE","nombre del producto","la primera palabra coincide con una marca ya existente","MEDIUM","producto sin marca cuyo nombre empieza con una marca de la tabla"
"d422cfbe-d80e-42f9-88d6-7483e5581d84","PRO04293","","04293","brand_id","","","","GEDORE","nombre del producto","la primera palabra coincide con una marca ya existente","MEDIUM","producto sin marca cuyo nombre empieza con una marca de la tabla"
"9994a704-6840-4181-8d50-de2bb491f9c4","PRO04301","","04301","brand_id","","","","GEDORE","nombre del producto","la primera palabra coincide con una marca ya existente","MEDIUM","producto sin marca cuyo nombre empieza con una marca de la tabla"
"873930c8-a95c-4d13-80f0-ce1d9585c391","PRO04309","","04309","brand_id","","","","GEDORE","nombre del producto","la primera palabra coincide con una marca ya existente","MEDIUM","producto sin marca cuyo nombre empieza con una marca de la tabla"
"eae5b4ce-88ff-402f-a4a9-43a444283a6b","PRO04317","","04317","brand_id","","","","GEDORE","nombre del producto","la primera palabra coincide con una marca ya existente","MEDIUM","producto sin marca cuyo nombre empieza con una marca de la tabla"
"1dad23f3-ba96-4372-9bd4-0217dae306d1","PRO04318","","04318","brand_id","","","","GEDORE","nombre del producto","la primera palabra coincide con una marca ya existente","MEDIUM","producto sin marca cuyo nombre empieza con una marca de la tabla"
"a2fe13cb-509b-41d1-b298-2469a89667e3","PRO04329","","04329","brand_id","","","","GEDORE","nombre del producto","la primera palabra coincide con una marca ya existente","MEDIUM","producto sin marca cuyo nombre empieza con una marca de la tabla"
"7fb90af7-67be-4ae8-97d0-bdccb865b8b4","PRO04331","","04331","brand_id","","","","GEDORE","nombre del producto","la primera palabra coincide con una marca ya existente","MEDIUM","producto sin marca cuyo nombre empieza con una marca de la tabla"
"e257cd80-f36f-4a45-ad50-67a208152f13","PRO04335","","04335","brand_id","","","","GEDORE","nombre del producto","la primera palabra coincide con una marca ya existente","MEDIUM","producto sin marca cuyo nombre empieza con una marca de la tabla"
"de7fb461-43dc-492c-8b1d-4735e50200fe","PRO04336","","04336","brand_id","","","","GEDORE","nombre del producto","la primera palabra coincide con una marca ya existente","MEDIUM","producto sin marca cuyo nombre empieza con una marca de la tabla"
"f79e7265-f078-43de-9adb-e4a516d38d88","PRO04340","","04340","brand_id","","","","GEDORE","nombre del producto","la primera palabra coincide con una marca ya existente","MEDIUM","producto sin marca cuyo nombre empieza con una marca de la tabla"
"a4f26996-c230-4800-a3b0-a86f5cc63d1e","PRO04345","","04345","brand_id","","","","GEDORE","nombre del producto","la primera palabra coincide con una marca ya existente","MEDIUM","producto sin marca cuyo nombre empieza con una marca de la tabla"
"e95b153b-5b28-495e-963a-37000c8d5786","PRO04347","","04347","brand_id","","","","GEDORE","nombre del producto","la primera palabra coincide con una marca ya existente","MEDIUM","producto sin marca cuyo nombre empieza con una marca de la tabla"
"3abe7bca-1457-4f66-9cf0-9f958aba8fe1","PRO04348","","04348","brand_id","","","","GEDORE","nombre del producto","la primera palabra coincide con una marca ya existente","MEDIUM","producto sin marca cuyo nombre empieza con una marca de la tabla"
"1f29d99d-f486-4734-a0f0-7808ff757d15","PRO04349","","04349","brand_id","","","","GEDORE","nombre del producto","la primera palabra coincide con una marca ya existente","MEDIUM","producto sin marca cuyo nombre empieza con una marca de la tabla"
"c5c1199b-a7d9-4901-9e5c-c85856e55355","PRO04371","","04371","brand_id","","","","GEDORE","nombre del producto","la primera palabra coincide con una marca ya existente","MEDIUM","producto sin marca cuyo nombre empieza con una marca de la tabla"
"6d75f5a1-65b0-428b-825a-87699c06f342","PRO04373","","04373","brand_id","","","","GEDORE","nombre del producto","la primera palabra coincide con una marca ya existente","MEDIUM","producto sin marca cuyo nombre empieza con una marca de la tabla"
"64d223c3-e73e-4615-bd3a-acb4e40d6248","PRO04375","","04375","brand_id","","","","GEDORE","nombre del producto","la primera palabra coincide con una marca ya existente","MEDIUM","producto sin marca cuyo nombre empieza con una marca de la tabla"
"b4e5cda6-54df-4307-be7c-2f1810aec535","PRO04376","","04376","brand_id","","","","GEDORE","nombre del producto","la primera palabra coincide con una marca ya existente","MEDIUM","producto sin marca cuyo nombre empieza con una marca de la tabla"
"bbcee737-99c1-4d4f-b8c3-efa9942ca5b5","PRO04377","","04377","brand_id","","","","GEDORE","nombre del producto","la primera palabra coincide con una marca ya existente","MEDIUM","producto sin marca cuyo nombre empieza con una marca de la tabla"
"52db6d89-baa6-436a-b1b3-8a9412738d5f","PRO04378","","04378","brand_id","","","","GEDORE","nombre del producto","la primera palabra coincide con una marca ya existente","MEDIUM","producto sin marca cuyo nombre empieza con una marca de la tabla"
"5be84777-efda-4ef0-bf22-10791a56fe8a","PRO04380","","04380","brand_id","","","","GEDORE","nombre del producto","la primera palabra coincide con una marca ya existente","MEDIUM","producto sin marca cuyo nombre empieza con una marca de la tabla"
"171d8cd2-c814-4354-ba73-13dae0036b3c","PRO04382","","04382","brand_id","","","","GEDORE","nombre del producto","la primera palabra coincide con una marca ya existente","MEDIUM","producto sin marca cuyo nombre empieza con una marca de la tabla"
"211a1ed8-c0ac-4f1e-9d19-04ee4cbe5fc3","PRO04383","","04383","brand_id","","","","GEDORE","nombre del producto","la primera palabra coincide con una marca ya existente","MEDIUM","producto sin marca cuyo nombre empieza con una marca de la tabla"
"fa947a71-9439-43fe-bae9-7a37f16a0a1d","PRO04384","","04384","brand_id","","","","GEDORE","nombre del producto","la primera palabra coincide con una marca ya existente","MEDIUM","producto sin marca cuyo nombre empieza con una marca de la tabla"
"ad9cbcce-50f5-40fc-887a-9ad10689cc9d","PRO04385","","04385","brand_id","","","","GEDORE","nombre del producto","la primera palabra coincide con una marca ya existente","MEDIUM","producto sin marca cuyo nombre empieza con una marca de la tabla"
"059eb260-9d5f-40ac-95a3-b640c0ff86b2","PRO04387","","04387","brand_id","","","","GEDORE","nombre del producto","la primera palabra coincide con una marca ya existente","MEDIUM","producto sin marca cuyo nombre empieza con una marca de la tabla"
"bacbb15e-15c5-428a-b804-c0ef67aa9f53","PRO04388","","04388","brand_id","","","","GEDORE","nombre del producto","la primera palabra coincide con una marca ya existente","MEDIUM","producto sin marca cuyo nombre empieza con una marca de la tabla"
"769d469c-448a-4145-b104-1513fbfa0910","PRO04389","","04389","brand_id","","","","GEDORE","nombre del producto","la primera palabra coincide con una marca ya existente","MEDIUM","producto sin marca cuyo nombre empieza con una marca de la tabla"
"530feda0-b46e-4e44-836e-5931e6a5314a","PRO04390","","04390","brand_id","","","","GEDORE","nombre del producto","la primera palabra coincide con una marca ya existente","MEDIUM","producto sin marca cuyo nombre empieza con una marca de la tabla"
"eea9728d-a89b-4643-b300-3244849549b6","PRO04391","","04391","brand_id","","","","GEDORE","nombre del producto","la primera palabra coincide con una marca ya existente","MEDIUM","producto sin marca cuyo nombre empieza con una marca de la tabla"
"0efc1c47-696f-422e-9d69-e2cc30076c70","PRO04392","","04392","brand_id","","","","GEDORE","nombre del producto","la primera palabra coincide con una marca ya existente","MEDIUM","producto sin marca cuyo nombre empieza con una marca de la tabla"
"9e55cac4-d1ea-4ce1-b4ed-e5fb2f940c97","PRO04400","","04400","brand_id","","","","RIVIT","nombre del producto","la primera palabra coincide con una marca ya existente","MEDIUM","producto sin marca cuyo nombre empieza con una marca de la tabla"
"f64e3b68-2cf0-46a6-aa10-1e8af3a90de0","PRO04425","","04425","brand_id","","","","GEDORE","nombre del producto","la primera palabra coincide con una marca ya existente","MEDIUM","producto sin marca cuyo nombre empieza con una marca de la tabla"
"e1490f8e-1cbb-421d-9368-4c04e0e34cd2","PRO04426","","04426","brand_id","","","","GEDORE","nombre del producto","la primera palabra coincide con una marca ya existente","MEDIUM","producto sin marca cuyo nombre empieza con una marca de la tabla"
"f04af86a-828b-4041-add2-c3583dbb36f8","PRO04427","","04427","brand_id","","","","GEDORE","nombre del producto","la primera palabra coincide con una marca ya existente","MEDIUM","producto sin marca cuyo nombre empieza con una marca de la tabla"
"21471427-6c18-4788-b97f-a0a5aa0ab34f","PRO04443","","04443","brand_id","","","","TORQUETOOLS","nombre del producto","la primera palabra coincide con una marca ya existente","MEDIUM","producto sin marca cuyo nombre empieza con una marca de la tabla"
"8f548a9a-08ab-4d27-a3a3-b6d7a1b67e58","PRO04444","","04444","brand_id","","","","TORQUETOOLS","nombre del producto","la primera palabra coincide con una marca ya existente","MEDIUM","producto sin marca cuyo nombre empieza con una marca de la tabla"
"48bce91a-1325-4a56-b940-bdd0ec29f8ea","PRO04516","","04516","brand_id","","","","GEDORE","nombre del producto","la primera palabra coincide con una marca ya existente","MEDIUM","producto sin marca cuyo nombre empieza con una marca de la tabla"
"7e8f478c-7fc5-4b71-a903-2bccdda9bbfc","PRO04582","","04582","brand_id","","","","URYU","nombre del producto","la primera palabra coincide con una marca ya existente","MEDIUM","producto sin marca cuyo nombre empieza con una marca de la tabla"
"43720f47-fb80-4cdc-90b5-45e1e29af9aa","PRO04583","","04583","brand_id","","","","URYU","nombre del producto","la primera palabra coincide con una marca ya existente","MEDIUM","producto sin marca cuyo nombre empieza con una marca de la tabla"
"f3b90c97-fdfa-473d-b20d-7252bf001538","PRO04584","","04584","brand_id","","","","URYU","nombre del producto","la primera palabra coincide con una marca ya existente","MEDIUM","producto sin marca cuyo nombre empieza con una marca de la tabla"
"429e6cbc-52c3-4528-938a-086b4860ea65","PRO04587","","04587","brand_id","","","","APEX","nombre del producto","la primera palabra coincide con una marca ya existente","MEDIUM","producto sin marca cuyo nombre empieza con una marca de la tabla"
"5b5f05b0-2d19-4edb-90f0-7144c0830e55","PRO04622","","04622","brand_id","","","","APEX","nombre del producto","la primera palabra coincide con una marca ya existente","MEDIUM","producto sin marca cuyo nombre empieza con una marca de la tabla"
"3666f693-5931-417c-9146-0bfd9fb12eba","PRO04635","","04635","brand_id","","","","TOHNICHI","nombre del producto","la primera palabra coincide con una marca ya existente","MEDIUM","producto sin marca cuyo nombre empieza con una marca de la tabla"
"4b186ff0-33b2-4a6a-97f2-4188f91e7133","PRO04637","","04637","brand_id","","","","APEX","nombre del producto","la primera palabra coincide con una marca ya existente","MEDIUM","producto sin marca cuyo nombre empieza con una marca de la tabla"
"bede03ad-6e73-4dcf-b09c-3ecb9cf0ee28","PRO04638","","04638","brand_id","","","","INGERSOLL RAND","nombre del producto","la primera palabra coincide con una marca ya existente","MEDIUM","producto sin marca cuyo nombre empieza con una marca de la tabla"
"71daf7e1-d102-41cb-860d-a7067f0dad8e","PRO04650","","04650","brand_id","","","","APEX","nombre del producto","la primera palabra coincide con una marca ya existente","MEDIUM","producto sin marca cuyo nombre empieza con una marca de la tabla"
"e97d01a1-bef9-4ad9-89f8-584783f2d315","PRO04655","","04655","brand_id","","","","URYU","nombre del producto","la primera palabra coincide con una marca ya existente","MEDIUM","producto sin marca cuyo nombre empieza con una marca de la tabla"
"fe999653-8180-4bff-bc98-62b91497310d","PRO04656","","04656","brand_id","","","","URYU","nombre del producto","la primera palabra coincide con una marca ya existente","MEDIUM","producto sin marca cuyo nombre empieza con una marca de la tabla"
"0b43e9d1-150a-4468-ae23-e135fda7699f","PRO04657","","04657","brand_id","","","","URYU","nombre del producto","la primera palabra coincide con una marca ya existente","MEDIUM","producto sin marca cuyo nombre empieza con una marca de la tabla"
"545253d1-9fe4-4681-b46c-14bf8fbeb8de","PRO04659","","04659","brand_id","","","","URYU","nombre del producto","la primera palabra coincide con una marca ya existente","MEDIUM","producto sin marca cuyo nombre empieza con una marca de la tabla"
"10620980-1ea1-405f-b155-c7904f6ae33f","PRO04660","","04660","brand_id","","","","URYU","nombre del producto","la primera palabra coincide con una marca ya existente","MEDIUM","producto sin marca cuyo nombre empieza con una marca de la tabla"
"1687215b-b9b9-434a-9af2-cec565d15d48","PRO04661","","04661","brand_id","","","","URYU","nombre del producto","la primera palabra coincide con una marca ya existente","MEDIUM","producto sin marca cuyo nombre empieza con una marca de la tabla"
"2f8aa5be-ec47-4414-949b-4bb4a1ec6da1","PRO04662","","04662","brand_id","","","","URYU","nombre del producto","la primera palabra coincide con una marca ya existente","MEDIUM","producto sin marca cuyo nombre empieza con una marca de la tabla"
"bcb76c97-5132-4842-9bd5-59f16c490327","PRO04670","","04670","brand_id","","","","RIVIT","nombre del producto","la primera palabra coincide con una marca ya existente","MEDIUM","producto sin marca cuyo nombre empieza con una marca de la tabla"
"aca91b2c-6f73-49e7-9b9a-05b0ec61f753","PRO04736","","04736","brand_id","","","","URYU","nombre del producto","la primera palabra coincide con una marca ya existente","MEDIUM","producto sin marca cuyo nombre empieza con una marca de la tabla"
"ee11678e-81dd-47f4-927f-923b14cbdeb3","PRO04737","","04737","brand_id","","","","URYU","nombre del producto","la primera palabra coincide con una marca ya existente","MEDIUM","producto sin marca cuyo nombre empieza con una marca de la tabla"
"eadd7125-3ab0-406c-b18c-433de4d8c588","PRO04738","","04738","brand_id","","","","URYU","nombre del producto","la primera palabra coincide con una marca ya existente","MEDIUM","producto sin marca cuyo nombre empieza con una marca de la tabla"
"a8510ac4-dcf8-44e0-804d-b4af9d69c7ee","PRO04745","","04745","brand_id","","","","GEDORE","nombre del producto","la primera palabra coincide con una marca ya existente","MEDIUM","producto sin marca cuyo nombre empieza con una marca de la tabla"
"f630d893-ee49-40be-af6a-eccfd4cd1fde","PRO04746","","04746","brand_id","","","","GEDORE","nombre del producto","la primera palabra coincide con una marca ya existente","MEDIUM","producto sin marca cuyo nombre empieza con una marca de la tabla"
"8fe580d9-167a-4307-a6f3-c0226c4aa2c1","PRO04753","","04753","brand_id","","","","YOKOTA","nombre del producto","la primera palabra coincide con una marca ya existente","MEDIUM","producto sin marca cuyo nombre empieza con una marca de la tabla"
"e8856ee7-380e-45c4-b7f4-148af4b017b2","PRO04755","","04755","brand_id","","","","YOKOTA","nombre del producto","la primera palabra coincide con una marca ya existente","MEDIUM","producto sin marca cuyo nombre empieza con una marca de la tabla"
"d12dee0f-12ce-41a3-978e-f34bee1334f0","PRO04756","","04756","brand_id","","","","YOKOTA","nombre del producto","la primera palabra coincide con una marca ya existente","MEDIUM","producto sin marca cuyo nombre empieza con una marca de la tabla"
"7dd36972-7d65-40b6-9aef-a6b4f4c6bf6c","PRO04757","","04757","brand_id","","","","YOKOTA","nombre del producto","la primera palabra coincide con una marca ya existente","MEDIUM","producto sin marca cuyo nombre empieza con una marca de la tabla"
"7f90f964-6c76-472e-9d55-7f06724c16a2","PRO04758","","04758","brand_id","","","","YOKOTA","nombre del producto","la primera palabra coincide con una marca ya existente","MEDIUM","producto sin marca cuyo nombre empieza con una marca de la tabla"
"8279fb97-6dcc-499f-aa61-386d645f953b","PRO04759","","04759","brand_id","","","","YOKOTA","nombre del producto","la primera palabra coincide con una marca ya existente","MEDIUM","producto sin marca cuyo nombre empieza con una marca de la tabla"
"22a464ef-6519-4cb1-8b75-1f4db11c359c","PRO04761","","04761","brand_id","","","","YOKOTA","nombre del producto","la primera palabra coincide con una marca ya existente","MEDIUM","producto sin marca cuyo nombre empieza con una marca de la tabla"
"2aba5fce-db3e-42fd-abf9-95a10300f80a","PRO04762","","04762","brand_id","","","","YOKOTA","nombre del producto","la primera palabra coincide con una marca ya existente","MEDIUM","producto sin marca cuyo nombre empieza con una marca de la tabla"
"aa733ddb-93e3-498a-8159-44b077913825","PRO04764","","04764","brand_id","","","","YOKOTA","nombre del producto","la primera palabra coincide con una marca ya existente","MEDIUM","producto sin marca cuyo nombre empieza con una marca de la tabla"
"2dc47053-7483-414f-9c5f-28214c26f41f","PRO04779","","04779","brand_id","","","","TORERO","nombre del producto","la primera palabra coincide con una marca ya existente","MEDIUM","producto sin marca cuyo nombre empieza con una marca de la tabla"
"7f0ec2e5-8daf-44f0-8961-bb7c65daf441","PRO04780","","04780","brand_id","","","","TORERO","nombre del producto","la primera palabra coincide con una marca ya existente","MEDIUM","producto sin marca cuyo nombre empieza con una marca de la tabla"
"4d7162f9-5f86-4d1e-87cb-32298cb41bac","PRO04782","","04782","brand_id","","","","TORERO","nombre del producto","la primera palabra coincide con una marca ya existente","MEDIUM","producto sin marca cuyo nombre empieza con una marca de la tabla"
"d5784a15-fe09-47b5-8b6b-24fc29114832","PRO04783","","04783","brand_id","","","","TORERO","nombre del producto","la primera palabra coincide con una marca ya existente","MEDIUM","producto sin marca cuyo nombre empieza con una marca de la tabla"
"03f329e3-7e8c-481b-817a-0d7ef8ae2ba3","PRO04784","","04784","brand_id","","","","ESTIC","nombre del producto","la primera palabra coincide con una marca ya existente","MEDIUM","producto sin marca cuyo nombre empieza con una marca de la tabla"
"fb88e161-73a3-4d06-ae13-f821ef65d6f7","PRO04785","","04785","brand_id","","","","ESTIC","nombre del producto","la primera palabra coincide con una marca ya existente","MEDIUM","producto sin marca cuyo nombre empieza con una marca de la tabla"
"01c09406-f2b7-47c5-b8c6-e31487cb95ac","PRO04786","","04786","brand_id","","","","ESTIC","nombre del producto","la primera palabra coincide con una marca ya existente","MEDIUM","producto sin marca cuyo nombre empieza con una marca de la tabla"
"d1ad76b0-fed6-43a4-959f-e60a2bd0b4e1","PRO04787","","04787","brand_id","","","","ESTIC","nombre del producto","la primera palabra coincide con una marca ya existente","MEDIUM","producto sin marca cuyo nombre empieza con una marca de la tabla"
"399fd3de-759a-405d-b569-d2c865f9ea29","PRO04788","","04788","brand_id","","","","ESTIC","nombre del producto","la primera palabra coincide con una marca ya existente","MEDIUM","producto sin marca cuyo nombre empieza con una marca de la tabla"
"4af5d902-9e7c-4eba-89d9-dd6474d4fea3","PRO04789","","04789","brand_id","","","","ESTIC","nombre del producto","la primera palabra coincide con una marca ya existente","MEDIUM","producto sin marca cuyo nombre empieza con una marca de la tabla"
"1c83ce4c-498a-492f-ad0c-096de3832886","PRO04790","","04790","brand_id","","","","ESTIC","nombre del producto","la primera palabra coincide con una marca ya existente","MEDIUM","producto sin marca cuyo nombre empieza con una marca de la tabla"
"1ae8206f-9ed4-42e1-bac5-f009cbf105d2","PRO04794","","04794","brand_id","","","","TORERO","nombre del producto","la primera palabra coincide con una marca ya existente","MEDIUM","producto sin marca cuyo nombre empieza con una marca de la tabla"
"8ef841dc-70ba-464f-b367-a6e8d34d45d6","PRO04796","","04796","brand_id","","","","TORERO","nombre del producto","la primera palabra coincide con una marca ya existente","MEDIUM","producto sin marca cuyo nombre empieza con una marca de la tabla"
"3c73d7a1-de68-47f0-bc40-7f9f0e69d07a","PRO04797","","04797","brand_id","","","","TORERO","nombre del producto","la primera palabra coincide con una marca ya existente","MEDIUM","producto sin marca cuyo nombre empieza con una marca de la tabla"
"7d386025-3ad0-40d7-9de7-619dcdecc096","PRO04798","","04798","brand_id","","","","TORERO","nombre del producto","la primera palabra coincide con una marca ya existente","MEDIUM","producto sin marca cuyo nombre empieza con una marca de la tabla"
"306f93d0-e166-4f36-9fd2-a0992292f302","PRO04826","","04826","brand_id","","","","GEDORE","nombre del producto","la primera palabra coincide con una marca ya existente","MEDIUM","producto sin marca cuyo nombre empieza con una marca de la tabla"
"9ce8d17a-97f8-4e23-902f-493f2f6bf147","PRO04827","","04827","brand_id","","","","GEDORE","nombre del producto","la primera palabra coincide con una marca ya existente","MEDIUM","producto sin marca cuyo nombre empieza con una marca de la tabla"
"1687845a-b5ba-46c7-92d6-0a409ca8cdfb","PRO04839","","04839","brand_id","","","","ESTIC","nombre del producto","la primera palabra coincide con una marca ya existente","MEDIUM","producto sin marca cuyo nombre empieza con una marca de la tabla"
"11c59bcf-568d-49f3-8f42-568f8235d185","PRO04858","","04858","brand_id","","","","ESTIC","nombre del producto","la primera palabra coincide con una marca ya existente","MEDIUM","producto sin marca cuyo nombre empieza con una marca de la tabla"
"1660d5d6-e641-45af-8729-a77acde38c5b","PRO04861","","04861","brand_id","","","","TOHNICHI","nombre del producto","la primera palabra coincide con una marca ya existente","MEDIUM","producto sin marca cuyo nombre empieza con una marca de la tabla"
"644adf4e-f762-491b-9bd4-fb34d187f711","PRO04863","","04863","brand_id","","","","RIVIT","nombre del producto","la primera palabra coincide con una marca ya existente","MEDIUM","producto sin marca cuyo nombre empieza con una marca de la tabla"
"8f2205f1-d727-43dc-90c1-d82c03522773","PRO04866","","04866","brand_id","","","","ESTIC","nombre del producto","la primera palabra coincide con una marca ya existente","MEDIUM","producto sin marca cuyo nombre empieza con una marca de la tabla"
"bf2b8bac-c1a3-4c5a-9b44-88914271967c","PRO04867","","04867","brand_id","","","","ESTIC","nombre del producto","la primera palabra coincide con una marca ya existente","MEDIUM","producto sin marca cuyo nombre empieza con una marca de la tabla"
"f7d8ba32-7d11-42a5-9313-0190fa468b39","PRO04868","","04868","brand_id","","","","ESTIC","nombre del producto","la primera palabra coincide con una marca ya existente","MEDIUM","producto sin marca cuyo nombre empieza con una marca de la tabla"
"33c45955-af02-4284-9404-dd0385bd1456","PRO04869","","04869","brand_id","","","","ESTIC","nombre del producto","la primera palabra coincide con una marca ya existente","MEDIUM","producto sin marca cuyo nombre empieza con una marca de la tabla"
"1b6eaeb8-1f2a-4317-b89a-731c0c6e4e2b","PRO04870","","04870","brand_id","","","","ESTIC","nombre del producto","la primera palabra coincide con una marca ya existente","MEDIUM","producto sin marca cuyo nombre empieza con una marca de la tabla"
"147abd01-1ea2-4fe1-b7b7-e450be61ec23","PRO04871","","04871","brand_id","","","","ESTIC","nombre del producto","la primera palabra coincide con una marca ya existente","MEDIUM","producto sin marca cuyo nombre empieza con una marca de la tabla"
"e4797edf-9366-4928-b020-08283e20676e","PRO04873","","04873","brand_id","","","","RIVIT","nombre del producto","la primera palabra coincide con una marca ya existente","MEDIUM","producto sin marca cuyo nombre empieza con una marca de la tabla"
"80850cda-2603-4cd5-9d0c-91cf517ccd9e","PRO04875","","04875","brand_id","","","","RIVIT","nombre del producto","la primera palabra coincide con una marca ya existente","MEDIUM","producto sin marca cuyo nombre empieza con una marca de la tabla"
"75133100-da72-4104-ad0a-1f41388dbf1d","PRO04876","","04876","brand_id","","","","RIVIT","nombre del producto","la primera palabra coincide con una marca ya existente","MEDIUM","producto sin marca cuyo nombre empieza con una marca de la tabla"
"eeca0526-7cea-41d7-a859-7b5b847da45a","PRO04877","","04877","brand_id","","","","RIVIT","nombre del producto","la primera palabra coincide con una marca ya existente","MEDIUM","producto sin marca cuyo nombre empieza con una marca de la tabla"
"3b5eaef0-c4d8-4651-9bb4-f4a990abe1cd","PRO04881","","04881","brand_id","","","","TORERO","nombre del producto","la primera palabra coincide con una marca ya existente","MEDIUM","producto sin marca cuyo nombre empieza con una marca de la tabla"
"93db5126-9422-459f-bd14-39f4e23b0bd4","PRO04979","","04979","brand_id","","","","RIVIT","nombre del producto","la primera palabra coincide con una marca ya existente","MEDIUM","producto sin marca cuyo nombre empieza con una marca de la tabla"
"c6bce116-d3e8-428a-9057-e4c17edf609d","PRO04980","","04980","brand_id","","","","RIVIT","nombre del producto","la primera palabra coincide con una marca ya existente","MEDIUM","producto sin marca cuyo nombre empieza con una marca de la tabla"
"e1076877-cdf7-469f-b53b-bf6364ca77dc","PRO04984","","04984","brand_id","","","","RIVIT","nombre del producto","la primera palabra coincide con una marca ya existente","MEDIUM","producto sin marca cuyo nombre empieza con una marca de la tabla"
"2e42bcf5-e742-44df-942f-848a8bea8d16","PRO04985","","04985","brand_id","","","","RIVIT","nombre del producto","la primera palabra coincide con una marca ya existente","MEDIUM","producto sin marca cuyo nombre empieza con una marca de la tabla"
"e5b4a3e0-1e8f-4c9f-b0e7-7de8a3c27729","PRO04986","","04986","brand_id","","","","RIVIT","nombre del producto","la primera palabra coincide con una marca ya existente","MEDIUM","producto sin marca cuyo nombre empieza con una marca de la tabla"
"85d2ee14-3344-4e21-acb9-8748b2133a17","PRO04987","","04987","brand_id","","","","RIVIT","nombre del producto","la primera palabra coincide con una marca ya existente","MEDIUM","producto sin marca cuyo nombre empieza con una marca de la tabla"
"b8333a66-1080-4769-9d3a-f26c2bd55031","PRO04988","","04988","brand_id","","","","RIVIT","nombre del producto","la primera palabra coincide con una marca ya existente","MEDIUM","producto sin marca cuyo nombre empieza con una marca de la tabla"
"6b63e947-74ad-4d8b-bbca-f827c8473aea","PRO04989","","04989","brand_id","","","","RIVIT","nombre del producto","la primera palabra coincide con una marca ya existente","MEDIUM","producto sin marca cuyo nombre empieza con una marca de la tabla"
"3209aaaf-4d10-4a8a-b238-752a37d19260","PRO04990","","04990","brand_id","","","","RIVIT","nombre del producto","la primera palabra coincide con una marca ya existente","MEDIUM","producto sin marca cuyo nombre empieza con una marca de la tabla"
"c604ce2d-2b6a-490c-b2c4-0a5fcaabac6a","PRO04991","","04991","brand_id","","","","RIVIT","nombre del producto","la primera palabra coincide con una marca ya existente","MEDIUM","producto sin marca cuyo nombre empieza con una marca de la tabla"
"6ea40f8f-2741-48ed-9c2f-b91470b6fa8a","PRO04992","","04992","brand_id","","","","RIVIT","nombre del producto","la primera palabra coincide con una marca ya existente","MEDIUM","producto sin marca cuyo nombre empieza con una marca de la tabla"
"fe7d4dc0-dae7-4800-b4fe-76375fd46ec2","PRO04993","","04993","brand_id","","","","RIVIT","nombre del producto","la primera palabra coincide con una marca ya existente","MEDIUM","producto sin marca cuyo nombre empieza con una marca de la tabla"
"3ce86be5-8272-467a-be19-acf8925aed25","PRO04994","","04994","brand_id","","","","RIVIT","nombre del producto","la primera palabra coincide con una marca ya existente","MEDIUM","producto sin marca cuyo nombre empieza con una marca de la tabla"
"a0875367-2b21-4f3f-8188-03e82ecd5ea2","PRO04995","","04995","brand_id","","","","RIVIT","nombre del producto","la primera palabra coincide con una marca ya existente","MEDIUM","producto sin marca cuyo nombre empieza con una marca de la tabla"
"6b794f25-2c82-4a96-a477-a691478e2cbe","PRO04996","","04996","brand_id","","","","RIVIT","nombre del producto","la primera palabra coincide con una marca ya existente","MEDIUM","producto sin marca cuyo nombre empieza con una marca de la tabla"
"26171ee4-9bb5-47aa-b9fa-8d858d51b875","PRO04997","","04997","brand_id","","","","RIVIT","nombre del producto","la primera palabra coincide con una marca ya existente","MEDIUM","producto sin marca cuyo nombre empieza con una marca de la tabla"
"7e1f30ed-9cf1-41f0-b38a-5789850d1241","PRO04998","","04998","brand_id","","","","RIVIT","nombre del producto","la primera palabra coincide con una marca ya existente","MEDIUM","producto sin marca cuyo nombre empieza con una marca de la tabla"
"cc08c1f3-5e5c-4cdd-9ebe-26edc36af464","PRO04999","","04999","brand_id","","","","RIVIT","nombre del producto","la primera palabra coincide con una marca ya existente","MEDIUM","producto sin marca cuyo nombre empieza con una marca de la tabla"
"d6132410-d71d-4d1b-a8bd-a7f07fa50085","PRO05000","","05000","brand_id","","","","RIVIT","nombre del producto","la primera palabra coincide con una marca ya existente","MEDIUM","producto sin marca cuyo nombre empieza con una marca de la tabla"
"6972fac6-7673-4bdb-9276-d67cbc55fd87","PRO05001","","05001","brand_id","","","","RIVIT","nombre del producto","la primera palabra coincide con una marca ya existente","MEDIUM","producto sin marca cuyo nombre empieza con una marca de la tabla"
"e4fcd9af-6aa1-4a52-9e4a-5a53cc3c649b","PRO05002","","05002","brand_id","","","","RIVIT","nombre del producto","la primera palabra coincide con una marca ya existente","MEDIUM","producto sin marca cuyo nombre empieza con una marca de la tabla"
"ae3a857a-f08b-449b-a31a-9f29402db8cc","PRO05004","","05004","brand_id","","","","RIVIT","nombre del producto","la primera palabra coincide con una marca ya existente","MEDIUM","producto sin marca cuyo nombre empieza con una marca de la tabla"
"c70b2295-f8c5-418d-a616-a2b7254569aa","PRO05005","","05005","brand_id","","","","RIVIT","nombre del producto","la primera palabra coincide con una marca ya existente","MEDIUM","producto sin marca cuyo nombre empieza con una marca de la tabla"
"54058045-1175-4992-89d7-e59b59c5c351","PRO05006","","05006","brand_id","","","","RIVIT","nombre del producto","la primera palabra coincide con una marca ya existente","MEDIUM","producto sin marca cuyo nombre empieza con una marca de la tabla"
"69580626-0bed-4827-9a54-f5e7833b4568","PRO05007","","05007","brand_id","","","","RIVIT","nombre del producto","la primera palabra coincide con una marca ya existente","MEDIUM","producto sin marca cuyo nombre empieza con una marca de la tabla"
"52f5fbe9-738e-42d7-9d99-043bc7bb83e9","PRO05012","","05012","brand_id","","","","RIVIT","nombre del producto","la primera palabra coincide con una marca ya existente","MEDIUM","producto sin marca cuyo nombre empieza con una marca de la tabla"
"20c86370-4bf7-4ede-af79-aa7bc89a254b","PRO05013","","05013","brand_id","","","","RIVIT","nombre del producto","la primera palabra coincide con una marca ya existente","MEDIUM","producto sin marca cuyo nombre empieza con una marca de la tabla"
"76055e3d-b71a-4d9b-8332-bd6379628d6c","PRO05014","","05014","brand_id","","","","RIVIT","nombre del producto","la primera palabra coincide con una marca ya existente","MEDIUM","producto sin marca cuyo nombre empieza con una marca de la tabla"
"d393e0c2-35a7-4c67-a257-1a70026e7ae5","PRO05015","","05015","brand_id","","","","RIVIT","nombre del producto","la primera palabra coincide con una marca ya existente","MEDIUM","producto sin marca cuyo nombre empieza con una marca de la tabla"
"0c0360c4-ba84-4340-8044-38b2723581b5","PRO05017","","05017","brand_id","","","","RIVIT","nombre del producto","la primera palabra coincide con una marca ya existente","MEDIUM","producto sin marca cuyo nombre empieza con una marca de la tabla"
"5cf58373-c31e-4947-96e9-1c347916126e","PRO05019","","05019","brand_id","","","","RIVIT","nombre del producto","la primera palabra coincide con una marca ya existente","MEDIUM","producto sin marca cuyo nombre empieza con una marca de la tabla"
"e17137f7-cd31-4539-96ef-e46fbbd66391","PRO05020","","05020","brand_id","","","","RIVIT","nombre del producto","la primera palabra coincide con una marca ya existente","MEDIUM","producto sin marca cuyo nombre empieza con una marca de la tabla"
"acf9f7be-5090-4923-b7af-1f0e025f56ef","PRO05022","","05022","brand_id","","","","RIVIT","nombre del producto","la primera palabra coincide con una marca ya existente","MEDIUM","producto sin marca cuyo nombre empieza con una marca de la tabla"
"8979802d-ae2b-4981-ba5d-9c0ca21b3cbb","PRO05023","","05023","brand_id","","","","RIVIT","nombre del producto","la primera palabra coincide con una marca ya existente","MEDIUM","producto sin marca cuyo nombre empieza con una marca de la tabla"
"3db1d07d-18da-4a73-b2c2-b73ed48a9433","PRO05024","","05024","brand_id","","","","RIVIT","nombre del producto","la primera palabra coincide con una marca ya existente","MEDIUM","producto sin marca cuyo nombre empieza con una marca de la tabla"
"73a5d602-d837-4ac1-af83-a6a4480f2bf6","PRO05025","","05025","brand_id","","","","RIVIT","nombre del producto","la primera palabra coincide con una marca ya existente","MEDIUM","producto sin marca cuyo nombre empieza con una marca de la tabla"
"c12df3b3-e2ba-4f7e-a516-d75e8b2ee612","PRO05026","","05026","brand_id","","","","RIVIT","nombre del producto","la primera palabra coincide con una marca ya existente","MEDIUM","producto sin marca cuyo nombre empieza con una marca de la tabla"
"5caa58fa-a0b7-4a47-9172-a3042e585f95","PRO05027","","05027","brand_id","","","","RIVIT","nombre del producto","la primera palabra coincide con una marca ya existente","MEDIUM","producto sin marca cuyo nombre empieza con una marca de la tabla"
"99b72b92-06a0-4fec-9935-ffe53c759e72","PRO05028","","05028","brand_id","","","","RIVIT","nombre del producto","la primera palabra coincide con una marca ya existente","MEDIUM","producto sin marca cuyo nombre empieza con una marca de la tabla"
"c7a4aa8d-c4cb-45e4-b18a-014c48332bfe","PRO05029","","05029","brand_id","","","","RIVIT","nombre del producto","la primera palabra coincide con una marca ya existente","MEDIUM","producto sin marca cuyo nombre empieza con una marca de la tabla"
"4668b064-cc28-4a3e-8594-f903d45588d1","PRO05030","","05030","brand_id","","","","RIVIT","nombre del producto","la primera palabra coincide con una marca ya existente","MEDIUM","producto sin marca cuyo nombre empieza con una marca de la tabla"
"88feee7f-3f43-449c-af30-e4b3921ecc3e","PRO05031","","05031","brand_id","","","","RIVIT","nombre del producto","la primera palabra coincide con una marca ya existente","MEDIUM","producto sin marca cuyo nombre empieza con una marca de la tabla"
"60cfdc1d-4aae-4632-9473-6724a1d0c3d6","PRO05032","","05032","brand_id","","","","RIVIT","nombre del producto","la primera palabra coincide con una marca ya existente","MEDIUM","producto sin marca cuyo nombre empieza con una marca de la tabla"
"8ffb6c8c-56f4-42d3-921e-149a38972f3d","PRO05033","","05033","brand_id","","","","RIVIT","nombre del producto","la primera palabra coincide con una marca ya existente","MEDIUM","producto sin marca cuyo nombre empieza con una marca de la tabla"
"2ed45c23-5314-4a70-817e-8cccb5a3e86d","PRO05034","","05034","brand_id","","","","RIVIT","nombre del producto","la primera palabra coincide con una marca ya existente","MEDIUM","producto sin marca cuyo nombre empieza con una marca de la tabla"
"c1d5fb96-4cb2-4e7f-8af7-89345cac8866","PRO05035","","05035","brand_id","","","","RIVIT","nombre del producto","la primera palabra coincide con una marca ya existente","MEDIUM","producto sin marca cuyo nombre empieza con una marca de la tabla"
"5b756bb6-6c2c-40fa-b2a1-df94bc217e7f","PRO05036","","05036","brand_id","","","","RIVIT","nombre del producto","la primera palabra coincide con una marca ya existente","MEDIUM","producto sin marca cuyo nombre empieza con una marca de la tabla"
"1a0edefc-6310-4d4d-8607-1c0368bea77a","PRO05037","","05037","brand_id","","","","RIVIT","nombre del producto","la primera palabra coincide con una marca ya existente","MEDIUM","producto sin marca cuyo nombre empieza con una marca de la tabla"
"be3ddfe0-f73e-43b3-ad14-39a4a9dde554","PRO05038","","05038","brand_id","","","","RIVIT","nombre del producto","la primera palabra coincide con una marca ya existente","MEDIUM","producto sin marca cuyo nombre empieza con una marca de la tabla"
"46ccb7fd-8516-4679-a3f5-083caedd5b93","PRO05039","","05039","brand_id","","","","RIVIT","nombre del producto","la primera palabra coincide con una marca ya existente","MEDIUM","producto sin marca cuyo nombre empieza con una marca de la tabla"
"cfc51abc-674d-4d86-b3f5-e743a51c6d2f","PRO05040","","05040","brand_id","","","","RIVIT","nombre del producto","la primera palabra coincide con una marca ya existente","MEDIUM","producto sin marca cuyo nombre empieza con una marca de la tabla"
"8ca8c302-0cc5-4f1e-ac54-4c394aff6662","PRO05041","","05041","brand_id","","","","RIVIT","nombre del producto","la primera palabra coincide con una marca ya existente","MEDIUM","producto sin marca cuyo nombre empieza con una marca de la tabla"
"166ba363-9099-478e-879a-f5aa58138585","PRO05042","","05042","brand_id","","","","RIVIT","nombre del producto","la primera palabra coincide con una marca ya existente","MEDIUM","producto sin marca cuyo nombre empieza con una marca de la tabla"
"3f9d1b07-fa91-4082-9e25-2f780f221cfb","PRO05043","","05043","brand_id","","","","RIVIT","nombre del producto","la primera palabra coincide con una marca ya existente","MEDIUM","producto sin marca cuyo nombre empieza con una marca de la tabla"
"191f20c3-591e-4834-aa9d-8989b3a65a67","PRO05044","","05044","brand_id","","","","RIVIT","nombre del producto","la primera palabra coincide con una marca ya existente","MEDIUM","producto sin marca cuyo nombre empieza con una marca de la tabla"
"48c492e9-a197-447b-af81-548b27cf7627","PRO05045","","05045","brand_id","","","","RIVIT","nombre del producto","la primera palabra coincide con una marca ya existente","MEDIUM","producto sin marca cuyo nombre empieza con una marca de la tabla"
"6fd8bbb3-806d-42f1-a86a-a86718d63b19","PRO05046","","05046","brand_id","","","","RIVIT","nombre del producto","la primera palabra coincide con una marca ya existente","MEDIUM","producto sin marca cuyo nombre empieza con una marca de la tabla"
"38ddc9ff-64ed-4c09-84b3-e4c8a84b23d2","PRO05047","","05047","brand_id","","","","RIVIT","nombre del producto","la primera palabra coincide con una marca ya existente","MEDIUM","producto sin marca cuyo nombre empieza con una marca de la tabla"
"8da0d4af-2222-42e1-a3f5-0a5af5ac3508","PRO05048","","05048","brand_id","","","","RIVIT","nombre del producto","la primera palabra coincide con una marca ya existente","MEDIUM","producto sin marca cuyo nombre empieza con una marca de la tabla"
"f9c6cb45-6841-49f9-a67a-69628f70a133","PRO05049","","05049","brand_id","","","","RIVIT","nombre del producto","la primera palabra coincide con una marca ya existente","MEDIUM","producto sin marca cuyo nombre empieza con una marca de la tabla"
"f09abf51-44a0-4f28-ada5-b78b5fa8d2cb","PRO05050","","05050","brand_id","","","","RIVIT","nombre del producto","la primera palabra coincide con una marca ya existente","MEDIUM","producto sin marca cuyo nombre empieza con una marca de la tabla"
"b4000eef-cefa-4676-b5ee-f463cc3348f7","PRO05051","","05051","brand_id","","","","RIVIT","nombre del producto","la primera palabra coincide con una marca ya existente","MEDIUM","producto sin marca cuyo nombre empieza con una marca de la tabla"
"a528f802-1728-486e-96e5-b8c0147b7abf","PRO05052","","05052","brand_id","","","","RIVIT","nombre del producto","la primera palabra coincide con una marca ya existente","MEDIUM","producto sin marca cuyo nombre empieza con una marca de la tabla"
"b347e5f5-9bd2-4296-9f92-495ff1c84ef9","PRO05053","","05053","brand_id","","","","RIVIT","nombre del producto","la primera palabra coincide con una marca ya existente","MEDIUM","producto sin marca cuyo nombre empieza con una marca de la tabla"
"7e687db3-a377-4224-a86f-c63061ad1ed8","PRO05054","","05054","brand_id","","","","RIVIT","nombre del producto","la primera palabra coincide con una marca ya existente","MEDIUM","producto sin marca cuyo nombre empieza con una marca de la tabla"
"abd8c4a1-26f8-4774-8dbc-5ea2f26665b9","PRO05055","","05055","brand_id","","","","RIVIT","nombre del producto","la primera palabra coincide con una marca ya existente","MEDIUM","producto sin marca cuyo nombre empieza con una marca de la tabla"
"e6bb70fb-f2f5-47e6-967f-aab33363777a","PRO05056","","05056","brand_id","","","","RIVIT","nombre del producto","la primera palabra coincide con una marca ya existente","MEDIUM","producto sin marca cuyo nombre empieza con una marca de la tabla"
"fdd2e134-6acf-4b3f-ac3d-0e5f4522b45a","PRO05057","","05057","brand_id","","","","RIVIT","nombre del producto","la primera palabra coincide con una marca ya existente","MEDIUM","producto sin marca cuyo nombre empieza con una marca de la tabla"
"6be181e3-a19c-4351-ab69-1bf6e61e41e8","PRO05058","","05058","brand_id","","","","RIVIT","nombre del producto","la primera palabra coincide con una marca ya existente","MEDIUM","producto sin marca cuyo nombre empieza con una marca de la tabla"
"d1f54ffb-b6f3-4dcc-93ae-30ac99d00df4","PRO05059","","05059","brand_id","","","","RIVIT","nombre del producto","la primera palabra coincide con una marca ya existente","MEDIUM","producto sin marca cuyo nombre empieza con una marca de la tabla"
"68490060-099a-44d0-94c2-84d0d799e89c","PRO05060","","05060","brand_id","","","","RIVIT","nombre del producto","la primera palabra coincide con una marca ya existente","MEDIUM","producto sin marca cuyo nombre empieza con una marca de la tabla"
"77ea7472-936c-4c7f-a9ec-02feb87ce85c","PRO05061","","05061","brand_id","","","","RIVIT","nombre del producto","la primera palabra coincide con una marca ya existente","MEDIUM","producto sin marca cuyo nombre empieza con una marca de la tabla"
"6b8f4b5b-43b4-47ae-9d9c-335d1ce4e5db","PRO05062","","05062","brand_id","","","","RIVIT","nombre del producto","la primera palabra coincide con una marca ya existente","MEDIUM","producto sin marca cuyo nombre empieza con una marca de la tabla"
"83f4696e-8edf-4cdb-a289-0847ada385a9","PRO05063","","05063","brand_id","","","","RIVIT","nombre del producto","la primera palabra coincide con una marca ya existente","MEDIUM","producto sin marca cuyo nombre empieza con una marca de la tabla"
"f43eef88-587b-42df-9fdf-9ffd07d6fbf5","PRO05064","","05064","brand_id","","","","RIVIT","nombre del producto","la primera palabra coincide con una marca ya existente","MEDIUM","producto sin marca cuyo nombre empieza con una marca de la tabla"
"22fa80bc-cb4a-40a8-bd44-4c269bd411cb","PRO05069","","05069","brand_id","","","","RIVIT","nombre del producto","la primera palabra coincide con una marca ya existente","MEDIUM","producto sin marca cuyo nombre empieza con una marca de la tabla"
"f819eb41-8779-4cc8-bc82-c99ae2e0b108","PRO05070","","05070","brand_id","","","","RIVIT","nombre del producto","la primera palabra coincide con una marca ya existente","MEDIUM","producto sin marca cuyo nombre empieza con una marca de la tabla"
"9fdf7320-0370-41d3-9dcf-2f5df5b3e8c9","PRO05071","","05071","brand_id","","","","RIVIT","nombre del producto","la primera palabra coincide con una marca ya existente","MEDIUM","producto sin marca cuyo nombre empieza con una marca de la tabla"
"84580e2b-a5d9-49c8-aad0-80f4e6271ef1","PRO05072","","05072","brand_id","","","","RIVIT","nombre del producto","la primera palabra coincide con una marca ya existente","MEDIUM","producto sin marca cuyo nombre empieza con una marca de la tabla"
"84416368-beb3-4e18-a43e-d08729d463c8","PRO05074","","05074","brand_id","","","","RIVIT","nombre del producto","la primera palabra coincide con una marca ya existente","MEDIUM","producto sin marca cuyo nombre empieza con una marca de la tabla"
"66f57c83-4e73-495a-bae3-54fd33e6a580","PRO05075","","05075","brand_id","","","","RIVIT","nombre del producto","la primera palabra coincide con una marca ya existente","MEDIUM","producto sin marca cuyo nombre empieza con una marca de la tabla"
"ee055f35-a653-4c54-a6a5-845ca2a62a56","PRO05076","","05076","brand_id","","","","RIVIT","nombre del producto","la primera palabra coincide con una marca ya existente","MEDIUM","producto sin marca cuyo nombre empieza con una marca de la tabla"
"6f699593-adee-4869-bbd2-5cc4629f6c7d","PRO05077","","05077","brand_id","","","","RIVIT","nombre del producto","la primera palabra coincide con una marca ya existente","MEDIUM","producto sin marca cuyo nombre empieza con una marca de la tabla"
"d4954636-8575-4dfc-9b22-250cc7c18b94","PRO05078","","05078","brand_id","","","","RIVIT","nombre del producto","la primera palabra coincide con una marca ya existente","MEDIUM","producto sin marca cuyo nombre empieza con una marca de la tabla"
"dc3d7aad-bca9-4cd5-b402-66f821ed9a93","PRO05079","","05079","brand_id","","","","RIVIT","nombre del producto","la primera palabra coincide con una marca ya existente","MEDIUM","producto sin marca cuyo nombre empieza con una marca de la tabla"
"5d955dc4-6c39-441b-923a-6495b165be12","PRO05080","","05080","brand_id","","","","RIVIT","nombre del producto","la primera palabra coincide con una marca ya existente","MEDIUM","producto sin marca cuyo nombre empieza con una marca de la tabla"
"f6522df3-ea9c-4e7d-80e4-04435d4c1c5c","PRO05081","","05081","brand_id","","","","RIVIT","nombre del producto","la primera palabra coincide con una marca ya existente","MEDIUM","producto sin marca cuyo nombre empieza con una marca de la tabla"
"73a65baf-214f-4386-b154-41e19618477b","PRO05082","","05082","brand_id","","","","RIVIT","nombre del producto","la primera palabra coincide con una marca ya existente","MEDIUM","producto sin marca cuyo nombre empieza con una marca de la tabla"
"53817732-b467-4f1b-8b50-a342b79e8ad1","PRO05083","","05083","brand_id","","","","RIVIT","nombre del producto","la primera palabra coincide con una marca ya existente","MEDIUM","producto sin marca cuyo nombre empieza con una marca de la tabla"
"2603d11a-6827-4e0e-b14e-be7c7d0a3cdc","PRO05084","","05084","brand_id","","","","RIVIT","nombre del producto","la primera palabra coincide con una marca ya existente","MEDIUM","producto sin marca cuyo nombre empieza con una marca de la tabla"
"7350b366-bf61-49fa-a089-af026accea29","PRO05085","","05085","brand_id","","","","RIVIT","nombre del producto","la primera palabra coincide con una marca ya existente","MEDIUM","producto sin marca cuyo nombre empieza con una marca de la tabla"
"e00f3fe0-4035-40e6-a6f1-6873b98216ca","PRO05086","","05086","brand_id","","","","RIVIT","nombre del producto","la primera palabra coincide con una marca ya existente","MEDIUM","producto sin marca cuyo nombre empieza con una marca de la tabla"
"b3168d8a-8f5b-4127-b0b7-dc0020f5326e","PRO05087","","05087","brand_id","","","","RIVIT","nombre del producto","la primera palabra coincide con una marca ya existente","MEDIUM","producto sin marca cuyo nombre empieza con una marca de la tabla"
"5db1b83c-c1d9-4ccd-9ebf-cb6b09b20998","PRO05088","","05088","brand_id","","","","RIVIT","nombre del producto","la primera palabra coincide con una marca ya existente","MEDIUM","producto sin marca cuyo nombre empieza con una marca de la tabla"
"fb7dbbb9-abea-4407-a102-80d60a0b1976","PRO05089","","05089","brand_id","","","","RIVIT","nombre del producto","la primera palabra coincide con una marca ya existente","MEDIUM","producto sin marca cuyo nombre empieza con una marca de la tabla"
"1c2edf77-47ad-4697-8ec6-dae24deb9948","PRO05090","","05090","brand_id","","","","RIVIT","nombre del producto","la primera palabra coincide con una marca ya existente","MEDIUM","producto sin marca cuyo nombre empieza con una marca de la tabla"
"9a155f00-10e4-46e3-8855-9f0423b8384b","PRO05091","","05091","brand_id","","","","RIVIT","nombre del producto","la primera palabra coincide con una marca ya existente","MEDIUM","producto sin marca cuyo nombre empieza con una marca de la tabla"
"9e2c3422-1892-41de-b482-f781370e062c","PRO05092","","05092","brand_id","","","","RIVIT","nombre del producto","la primera palabra coincide con una marca ya existente","MEDIUM","producto sin marca cuyo nombre empieza con una marca de la tabla"
"f95abae7-4c9c-4931-b0e6-02f2ed675457","PRO05093","","05093","brand_id","","","","RIVIT","nombre del producto","la primera palabra coincide con una marca ya existente","MEDIUM","producto sin marca cuyo nombre empieza con una marca de la tabla"
"babc5158-5457-4b2b-9c11-e4d10278a9a1","PRO05094","","05094","brand_id","","","","RIVIT","nombre del producto","la primera palabra coincide con una marca ya existente","MEDIUM","producto sin marca cuyo nombre empieza con una marca de la tabla"
"f37e98d4-4b76-4f24-ac0f-4d5bc0273a92","PRO05095","","05095","brand_id","","","","RIVIT","nombre del producto","la primera palabra coincide con una marca ya existente","MEDIUM","producto sin marca cuyo nombre empieza con una marca de la tabla"
"5ba4e2c3-f99f-4857-9a0e-d13892a6496b","PRO05096","","05096","brand_id","","","","RIVIT","nombre del producto","la primera palabra coincide con una marca ya existente","MEDIUM","producto sin marca cuyo nombre empieza con una marca de la tabla"
"be228efb-0011-47fb-b1db-5c6a76e378ba","PRO05097","","05097","brand_id","","","","RIVIT","nombre del producto","la primera palabra coincide con una marca ya existente","MEDIUM","producto sin marca cuyo nombre empieza con una marca de la tabla"
"f3e6ff47-6a0c-4baa-bca5-bafd4acb493f","PRO05098","","05098","brand_id","","","","RIVIT","nombre del producto","la primera palabra coincide con una marca ya existente","MEDIUM","producto sin marca cuyo nombre empieza con una marca de la tabla"
"f67587e9-b6ef-411e-8b2d-2e1087d7d6b3","PRO05099","","05099","brand_id","","","","RIVIT","nombre del producto","la primera palabra coincide con una marca ya existente","MEDIUM","producto sin marca cuyo nombre empieza con una marca de la tabla"
"00c3fabd-9b03-427b-85d1-c81d71000c05","PRO05100","","05100","brand_id","","","","RIVIT","nombre del producto","la primera palabra coincide con una marca ya existente","MEDIUM","producto sin marca cuyo nombre empieza con una marca de la tabla"
"bb42b794-cce0-423d-bb35-d1ac897f5ae5","PRO05101","","05101","brand_id","","","","RIVIT","nombre del producto","la primera palabra coincide con una marca ya existente","MEDIUM","producto sin marca cuyo nombre empieza con una marca de la tabla"
"9d656cd3-f0c7-48aa-b2b3-1c8bfaab037e","PRO05102","","05102","brand_id","","","","RIVIT","nombre del producto","la primera palabra coincide con una marca ya existente","MEDIUM","producto sin marca cuyo nombre empieza con una marca de la tabla"
"e33e6b99-9081-4ccb-9633-695969c1676e","PRO05103","","05103","brand_id","","","","RIVIT","nombre del producto","la primera palabra coincide con una marca ya existente","MEDIUM","producto sin marca cuyo nombre empieza con una marca de la tabla"
"8f2d56fb-b444-4caa-962b-90635110f32d","PRO05104","","05104","brand_id","","","","RIVIT","nombre del producto","la primera palabra coincide con una marca ya existente","MEDIUM","producto sin marca cuyo nombre empieza con una marca de la tabla"
"44ac6bcd-65fd-494c-b0a5-ed88c61989c0","PRO05105","","05105","brand_id","","","","RIVIT","nombre del producto","la primera palabra coincide con una marca ya existente","MEDIUM","producto sin marca cuyo nombre empieza con una marca de la tabla"
"3ad97271-d408-46df-8dd8-672f794eb36f","PRO05106","","05106","brand_id","","","","RIVIT","nombre del producto","la primera palabra coincide con una marca ya existente","MEDIUM","producto sin marca cuyo nombre empieza con una marca de la tabla"
"a8160c3f-bc0e-4cac-aebc-e8fb542e7536","PRO05107","","05107","brand_id","","","","RIVIT","nombre del producto","la primera palabra coincide con una marca ya existente","MEDIUM","producto sin marca cuyo nombre empieza con una marca de la tabla"
"24237cf1-860c-417e-95a8-f0ba0cbccdf6","PRO05108","","05108","brand_id","","","","RIVIT","nombre del producto","la primera palabra coincide con una marca ya existente","MEDIUM","producto sin marca cuyo nombre empieza con una marca de la tabla"
"e15322f4-6ac4-45ed-898f-1f05fd183495","PRO05109","","05109","brand_id","","","","RIVIT","nombre del producto","la primera palabra coincide con una marca ya existente","MEDIUM","producto sin marca cuyo nombre empieza con una marca de la tabla"
"da8498c0-731c-4120-964d-878d48fba5e9","PRO05110","","05110","brand_id","","","","RIVIT","nombre del producto","la primera palabra coincide con una marca ya existente","MEDIUM","producto sin marca cuyo nombre empieza con una marca de la tabla"
"c47c956d-7e79-46e4-81e9-297768c833b6","PRO05111","","05111","brand_id","","","","RIVIT","nombre del producto","la primera palabra coincide con una marca ya existente","MEDIUM","producto sin marca cuyo nombre empieza con una marca de la tabla"
"86dadf6b-ed74-4c73-b81a-8a935ab7dbb6","PRO05112","","05112","brand_id","","","","RIVIT","nombre del producto","la primera palabra coincide con una marca ya existente","MEDIUM","producto sin marca cuyo nombre empieza con una marca de la tabla"
"9adc4028-e931-463f-96c9-f6f5443f7f01","PRO05113","","05113","brand_id","","","","RIVIT","nombre del producto","la primera palabra coincide con una marca ya existente","MEDIUM","producto sin marca cuyo nombre empieza con una marca de la tabla"
"2267d06b-5a07-45ba-b8dd-41090bca6e58","PRO05114","","05114","brand_id","","","","RIVIT","nombre del producto","la primera palabra coincide con una marca ya existente","MEDIUM","producto sin marca cuyo nombre empieza con una marca de la tabla"
"82c142f4-833b-4860-bc15-069137b69e57","PRO05115","","05115","brand_id","","","","RIVIT","nombre del producto","la primera palabra coincide con una marca ya existente","MEDIUM","producto sin marca cuyo nombre empieza con una marca de la tabla"
"6590b10c-c642-4c81-b3e9-07ae80e0e6e4","PRO05116","","05116","brand_id","","","","RIVIT","nombre del producto","la primera palabra coincide con una marca ya existente","MEDIUM","producto sin marca cuyo nombre empieza con una marca de la tabla"
"bf11f2d3-736f-49c9-b035-dcf7991f4867","PRO05117","","05117","brand_id","","","","RIVIT","nombre del producto","la primera palabra coincide con una marca ya existente","MEDIUM","producto sin marca cuyo nombre empieza con una marca de la tabla"
"c5ca74b5-968b-4bf7-9bbf-d319772ef02b","PRO05118","","05118","brand_id","","","","RIVIT","nombre del producto","la primera palabra coincide con una marca ya existente","MEDIUM","producto sin marca cuyo nombre empieza con una marca de la tabla"
"3af98705-93d4-4876-a86e-1061fa7e2eae","PRO05119","","05119","brand_id","","","","RIVIT","nombre del producto","la primera palabra coincide con una marca ya existente","MEDIUM","producto sin marca cuyo nombre empieza con una marca de la tabla"
"614e51f3-0fc0-49cd-bb85-f0093bfb3d27","PRO05120","","05120","brand_id","","","","RIVIT","nombre del producto","la primera palabra coincide con una marca ya existente","MEDIUM","producto sin marca cuyo nombre empieza con una marca de la tabla"
"b304d83b-d2c2-4f09-84ef-20e92fa35c86","PRO05121","","05121","brand_id","","","","RIVIT","nombre del producto","la primera palabra coincide con una marca ya existente","MEDIUM","producto sin marca cuyo nombre empieza con una marca de la tabla"
"684f9e88-affb-463e-b13f-5959bb939cfb","PRO05122","","05122","brand_id","","","","RIVIT","nombre del producto","la primera palabra coincide con una marca ya existente","MEDIUM","producto sin marca cuyo nombre empieza con una marca de la tabla"
"5c1e9780-e527-479e-afd1-5f9ab5fa2e22","PRO05123","","05123","brand_id","","","","RIVIT","nombre del producto","la primera palabra coincide con una marca ya existente","MEDIUM","producto sin marca cuyo nombre empieza con una marca de la tabla"
"6dc63ffa-ee48-40db-8ab9-d2893b2525df","PRO05124","","05124","brand_id","","","","RIVIT","nombre del producto","la primera palabra coincide con una marca ya existente","MEDIUM","producto sin marca cuyo nombre empieza con una marca de la tabla"
"ee8af9ab-b700-4a28-a6d8-9266bc9ca6f6","PRO05125","","05125","brand_id","","","","RIVIT","nombre del producto","la primera palabra coincide con una marca ya existente","MEDIUM","producto sin marca cuyo nombre empieza con una marca de la tabla"
"b72f2a37-abcd-4122-8023-49cd1143b364","PRO05126","","05126","brand_id","","","","RIVIT","nombre del producto","la primera palabra coincide con una marca ya existente","MEDIUM","producto sin marca cuyo nombre empieza con una marca de la tabla"
"6a6f241c-e19d-4346-81b3-f20d80ea16dd","PRO05127","","05127","brand_id","","","","RIVIT","nombre del producto","la primera palabra coincide con una marca ya existente","MEDIUM","producto sin marca cuyo nombre empieza con una marca de la tabla"
"ea7676da-2687-4261-98dd-3e671499ec33","PRO05128","","05128","brand_id","","","","RIVIT","nombre del producto","la primera palabra coincide con una marca ya existente","MEDIUM","producto sin marca cuyo nombre empieza con una marca de la tabla"
"734592c5-b1b1-40a2-8e60-095aec9e5215","PRO05129","","05129","brand_id","","","","RIVIT","nombre del producto","la primera palabra coincide con una marca ya existente","MEDIUM","producto sin marca cuyo nombre empieza con una marca de la tabla"
"53099f8a-3521-456a-bfeb-67173e9a0c52","PRO05130","","05130","brand_id","","","","RIVIT","nombre del producto","la primera palabra coincide con una marca ya existente","MEDIUM","producto sin marca cuyo nombre empieza con una marca de la tabla"
"bc8e575c-2148-47ec-99f7-ed66a9a918f2","PRO05131","","05131","brand_id","","","","RIVIT","nombre del producto","la primera palabra coincide con una marca ya existente","MEDIUM","producto sin marca cuyo nombre empieza con una marca de la tabla"
"71a005d1-0c51-4fe1-bacd-8d47e9c99aca","PRO05132","","05132","brand_id","","","","RIVIT","nombre del producto","la primera palabra coincide con una marca ya existente","MEDIUM","producto sin marca cuyo nombre empieza con una marca de la tabla"
"bea39c59-a9dd-4732-a4be-bda83a9bdb4c","PRO05133","","05133","brand_id","","","","RIVIT","nombre del producto","la primera palabra coincide con una marca ya existente","MEDIUM","producto sin marca cuyo nombre empieza con una marca de la tabla"
"2b747a74-a005-4486-9197-d6e56a9bbf87","PRO05134","","05134","brand_id","","","","RIVIT","nombre del producto","la primera palabra coincide con una marca ya existente","MEDIUM","producto sin marca cuyo nombre empieza con una marca de la tabla"
"b1f779c0-b045-4c47-abff-aed2996d9402","PRO05135","","05135","brand_id","","","","RIVIT","nombre del producto","la primera palabra coincide con una marca ya existente","MEDIUM","producto sin marca cuyo nombre empieza con una marca de la tabla"
"8d0d1d1f-34ed-4a50-bf90-5ec70ebf6c5e","PRO05136","","05136","brand_id","","","","RIVIT","nombre del producto","la primera palabra coincide con una marca ya existente","MEDIUM","producto sin marca cuyo nombre empieza con una marca de la tabla"
"24b5f718-f30f-40bb-8bc1-a23540f862aa","PRO05137","","05137","brand_id","","","","RIVIT","nombre del producto","la primera palabra coincide con una marca ya existente","MEDIUM","producto sin marca cuyo nombre empieza con una marca de la tabla"
"5b632250-999e-4e3d-951f-f91d9fae74c8","PRO05138","","05138","brand_id","","","","RIVIT","nombre del producto","la primera palabra coincide con una marca ya existente","MEDIUM","producto sin marca cuyo nombre empieza con una marca de la tabla"
"14a71138-110d-437f-aea3-c8075646581a","PRO05139","","05139","brand_id","","","","RIVIT","nombre del producto","la primera palabra coincide con una marca ya existente","MEDIUM","producto sin marca cuyo nombre empieza con una marca de la tabla"
"a503d4a1-0449-45d4-9487-75802972be15","PRO05140","","05140","brand_id","","","","RIVIT","nombre del producto","la primera palabra coincide con una marca ya existente","MEDIUM","producto sin marca cuyo nombre empieza con una marca de la tabla"
"db49aa0c-93fe-4bf2-a866-eb31579008b3","PRO05141","","05141","brand_id","","","","RIVIT","nombre del producto","la primera palabra coincide con una marca ya existente","MEDIUM","producto sin marca cuyo nombre empieza con una marca de la tabla"
"50bffbfc-935f-4ff0-8932-057ee31b9ab5","PRO05142","","05142","brand_id","","","","RIVIT","nombre del producto","la primera palabra coincide con una marca ya existente","MEDIUM","producto sin marca cuyo nombre empieza con una marca de la tabla"
"afd757a7-e98f-4756-bade-e56aa278c39c","PRO05143","","05143","brand_id","","","","RIVIT","nombre del producto","la primera palabra coincide con una marca ya existente","MEDIUM","producto sin marca cuyo nombre empieza con una marca de la tabla"
"a68a0a9d-474c-4cac-8e99-fbe3d96c3f1b","PRO05144","","05144","brand_id","","","","RIVIT","nombre del producto","la primera palabra coincide con una marca ya existente","MEDIUM","producto sin marca cuyo nombre empieza con una marca de la tabla"
"f0cff66c-3edf-40b2-9155-8d515fb99170","PRO05145","","05145","brand_id","","","","RIVIT","nombre del producto","la primera palabra coincide con una marca ya existente","MEDIUM","producto sin marca cuyo nombre empieza con una marca de la tabla"
"0c900202-3fa7-456b-b929-7126cfde6ea4","PRO05146","","05146","brand_id","","","","RIVIT","nombre del producto","la primera palabra coincide con una marca ya existente","MEDIUM","producto sin marca cuyo nombre empieza con una marca de la tabla"
"02260049-8584-4a91-a401-4ff959776156","PRO05147","","05147","brand_id","","","","RIVIT","nombre del producto","la primera palabra coincide con una marca ya existente","MEDIUM","producto sin marca cuyo nombre empieza con una marca de la tabla"
"87a8a3db-6cab-4d0e-a001-75c4a2ff64ce","PRO05148","","05148","brand_id","","","","RIVIT","nombre del producto","la primera palabra coincide con una marca ya existente","MEDIUM","producto sin marca cuyo nombre empieza con una marca de la tabla"
"c116aac6-9df7-4b22-b4f8-a3ff6f4b02bc","PRO05149","","05149","brand_id","","","","RIVIT","nombre del producto","la primera palabra coincide con una marca ya existente","MEDIUM","producto sin marca cuyo nombre empieza con una marca de la tabla"
"fc8491d0-fffb-4a7f-a36b-1849809c7c33","PRO05150","","05150","brand_id","","","","RIVIT","nombre del producto","la primera palabra coincide con una marca ya existente","MEDIUM","producto sin marca cuyo nombre empieza con una marca de la tabla"
"bac1f78d-2055-4103-b603-c726fa1a7af6","PRO05151","","05151","brand_id","","","","RIVIT","nombre del producto","la primera palabra coincide con una marca ya existente","MEDIUM","producto sin marca cuyo nombre empieza con una marca de la tabla"
"a31ba931-0167-4ed1-aa53-868008e68fe4","PRO05153","","05153","brand_id","","","","ESTIC","nombre del producto","la primera palabra coincide con una marca ya existente","MEDIUM","producto sin marca cuyo nombre empieza con una marca de la tabla"
"1f00925c-fbfd-4442-846d-d1a97fc3a729","PRO05154","","05154","brand_id","","","","ESTIC","nombre del producto","la primera palabra coincide con una marca ya existente","MEDIUM","producto sin marca cuyo nombre empieza con una marca de la tabla"
"72c12841-7029-4acf-9789-4897df100d60","PRO05155","","05155","brand_id","","","","TOHNICHI","nombre del producto","la primera palabra coincide con una marca ya existente","MEDIUM","producto sin marca cuyo nombre empieza con una marca de la tabla"
"a2be2533-f0fa-48c2-9276-02247fde9b23","PRO05156","","05156","brand_id","","","","TOHNICHI","nombre del producto","la primera palabra coincide con una marca ya existente","MEDIUM","producto sin marca cuyo nombre empieza con una marca de la tabla"
"bcd70c1d-e6ad-49b1-8977-e33d33c51755","PRO05158","","05158","brand_id","","","","TOHNICHI","nombre del producto","la primera palabra coincide con una marca ya existente","MEDIUM","producto sin marca cuyo nombre empieza con una marca de la tabla"
"c5943100-0989-4104-93f7-2b257fce7b3d","PRO05159","","05159","brand_id","","","","TOHNICHI","nombre del producto","la primera palabra coincide con una marca ya existente","MEDIUM","producto sin marca cuyo nombre empieza con una marca de la tabla"
"c32d9cd4-5fc2-49cf-900e-e6504c32b0c1","PRO05160","","05160","brand_id","","","","TOHNICHI","nombre del producto","la primera palabra coincide con una marca ya existente","MEDIUM","producto sin marca cuyo nombre empieza con una marca de la tabla"
"78d05c0f-e65c-448e-9f2e-2587bf9fc05a","PRO05161","","05161","brand_id","","","","TOHNICHI","nombre del producto","la primera palabra coincide con una marca ya existente","MEDIUM","producto sin marca cuyo nombre empieza con una marca de la tabla"
"0fa4f32a-3dca-45a6-83d7-bea367c0677f","PRO05162","","05162","brand_id","","","","TOHNICHI","nombre del producto","la primera palabra coincide con una marca ya existente","MEDIUM","producto sin marca cuyo nombre empieza con una marca de la tabla"
"821cc9cb-151a-4682-8fc7-f23f0f0a54c9","PRO05163","","05163","brand_id","","","","TOHNICHI","nombre del producto","la primera palabra coincide con una marca ya existente","MEDIUM","producto sin marca cuyo nombre empieza con una marca de la tabla"
"34f38d82-f38f-4b00-8de4-52f4775e542e","PRO05164","","05164","brand_id","","","","TOHNICHI","nombre del producto","la primera palabra coincide con una marca ya existente","MEDIUM","producto sin marca cuyo nombre empieza con una marca de la tabla"
"3f525cd9-bd0e-4d32-acb0-89a5b69a023b","PRO05197","","05197","brand_id","","","","GEDORE","nombre del producto","la primera palabra coincide con una marca ya existente","MEDIUM","producto sin marca cuyo nombre empieza con una marca de la tabla"
"efb3556b-6a8e-43d8-8697-ddeb17c9276a","PRO05207","","05207","brand_id","","","","TORERO","nombre del producto","la primera palabra coincide con una marca ya existente","MEDIUM","producto sin marca cuyo nombre empieza con una marca de la tabla"
"b2e451f2-a33f-4f84-899c-87ca0211fee9","PRO05211","","05211","brand_id","","","","TOHNICHI","nombre del producto","la primera palabra coincide con una marca ya existente","MEDIUM","producto sin marca cuyo nombre empieza con una marca de la tabla"
"c61d388b-b048-4bf4-8069-fe86dad20c47","PRO05212","","05212","brand_id","","","","GEDORE","nombre del producto","la primera palabra coincide con una marca ya existente","MEDIUM","producto sin marca cuyo nombre empieza con una marca de la tabla"
"7d7c7b1f-a9a3-4903-b207-aea888ccb0a6","PRO05213","","05213","brand_id","","","","GEDORE","nombre del producto","la primera palabra coincide con una marca ya existente","MEDIUM","producto sin marca cuyo nombre empieza con una marca de la tabla"
"9ca955cf-616a-4451-a4a9-00e7f86e5e05","PRO05214","","05214","brand_id","","","","TOHNICHI","nombre del producto","la primera palabra coincide con una marca ya existente","MEDIUM","producto sin marca cuyo nombre empieza con una marca de la tabla"
"3031f735-b484-4e3a-b04b-1035721be80d","PRO05219","","05219","brand_id","","","","TORERO","nombre del producto","la primera palabra coincide con una marca ya existente","MEDIUM","producto sin marca cuyo nombre empieza con una marca de la tabla"
"47c266db-0dcc-4bd2-8597-26eb10297e6f","PRO05221","","05221","brand_id","","","","TOHNICHI","nombre del producto","la primera palabra coincide con una marca ya existente","MEDIUM","producto sin marca cuyo nombre empieza con una marca de la tabla"
"26043c7d-998e-4d98-ac9c-bd9ea30dcee1","PRO05223","","05223","brand_id","","","","TOHNICHI","nombre del producto","la primera palabra coincide con una marca ya existente","MEDIUM","producto sin marca cuyo nombre empieza con una marca de la tabla"
"5fbf3da7-6915-41de-bf1e-5fa2dd2f3a89","PRO05224","","05224","brand_id","","","","TOHNICHI","nombre del producto","la primera palabra coincide con una marca ya existente","MEDIUM","producto sin marca cuyo nombre empieza con una marca de la tabla"
"8342e495-8527-4ccd-9c2f-5d51d040073b","PRO05225","","05225","brand_id","","","","TOHNICHI","nombre del producto","la primera palabra coincide con una marca ya existente","MEDIUM","producto sin marca cuyo nombre empieza con una marca de la tabla"
"7c69b61a-816b-45c4-9f6b-f5a338c60a41","PRO05226","","05226","brand_id","","","","TOHNICHI","nombre del producto","la primera palabra coincide con una marca ya existente","MEDIUM","producto sin marca cuyo nombre empieza con una marca de la tabla"
"5f3bcd7d-d06d-4bdb-a11b-796c3ef0074d","PRO05227","","05227","brand_id","","","","GEDORE","nombre del producto","la primera palabra coincide con una marca ya existente","MEDIUM","producto sin marca cuyo nombre empieza con una marca de la tabla"
"687f394d-7cda-44cf-83a9-736956fd5c76","PRO05228","","05228","brand_id","","","","GEDORE","nombre del producto","la primera palabra coincide con una marca ya existente","MEDIUM","producto sin marca cuyo nombre empieza con una marca de la tabla"
"2c2a980c-7e84-4b2d-8b0a-d74d5efe00ed","PRO05229","","05229","brand_id","","","","GEDORE","nombre del producto","la primera palabra coincide con una marca ya existente","MEDIUM","producto sin marca cuyo nombre empieza con una marca de la tabla"
"9959eb7c-0b02-42ca-979e-6740dabac03b","PRO05230","","05230","brand_id","","","","GEDORE","nombre del producto","la primera palabra coincide con una marca ya existente","MEDIUM","producto sin marca cuyo nombre empieza con una marca de la tabla"
"24d4dbaf-e3a0-424f-ab81-70a347950e9a","PRO05231","","05231","brand_id","","","","RIVIT","nombre del producto","la primera palabra coincide con una marca ya existente","MEDIUM","producto sin marca cuyo nombre empieza con una marca de la tabla"
"004d7078-b21b-46aa-b57d-b2ef39b68af9","PRO05232","","05232","brand_id","","","","RIVIT","nombre del producto","la primera palabra coincide con una marca ya existente","MEDIUM","producto sin marca cuyo nombre empieza con una marca de la tabla"
"7668cd71-fa1e-4dc3-9fef-acb6dbd857f5","PRO05264","","05264","brand_id","","","","TORERO","nombre del producto","la primera palabra coincide con una marca ya existente","MEDIUM","producto sin marca cuyo nombre empieza con una marca de la tabla"
"d93bca41-b9db-4f3c-9ee5-77747466f855","PRO05271","","05271","brand_id","","","","GEDORE","nombre del producto","la primera palabra coincide con una marca ya existente","MEDIUM","producto sin marca cuyo nombre empieza con una marca de la tabla"
"8ad69203-41c6-414e-ac99-ef16ca0007b8","PRO05272","","05272","brand_id","","","","TOHNICHI","nombre del producto","la primera palabra coincide con una marca ya existente","MEDIUM","producto sin marca cuyo nombre empieza con una marca de la tabla"
"266e821b-889e-4df5-b680-736923444765","PRO05273","","05273","brand_id","","","","TOHNICHI","nombre del producto","la primera palabra coincide con una marca ya existente","MEDIUM","producto sin marca cuyo nombre empieza con una marca de la tabla"
"3577f967-179c-4e39-a49d-535ffb730097","PRO05280","","05280","brand_id","","","","TORQUETOOLS","nombre del producto","la primera palabra coincide con una marca ya existente","MEDIUM","producto sin marca cuyo nombre empieza con una marca de la tabla"
"f4506cbd-f76b-4cc1-a1d1-3be5cce0cfb1","PRO05286","","05286","brand_id","","","","RIVIT","nombre del producto","la primera palabra coincide con una marca ya existente","MEDIUM","producto sin marca cuyo nombre empieza con una marca de la tabla"
"f0516001-8dc3-4568-9f43-f4f821195e25","PRO05287","","05287","brand_id","","","","RIVIT","nombre del producto","la primera palabra coincide con una marca ya existente","MEDIUM","producto sin marca cuyo nombre empieza con una marca de la tabla"
"b8bc9ff1-80a3-4637-b38b-5cc023241c14","PRO05290","","05290","brand_id","","","","RIVIT","nombre del producto","la primera palabra coincide con una marca ya existente","MEDIUM","producto sin marca cuyo nombre empieza con una marca de la tabla"
"e13dba84-a6d0-4c62-afad-94515426f1a3","PRO05291","","05291","brand_id","","","","RIVIT","nombre del producto","la primera palabra coincide con una marca ya existente","MEDIUM","producto sin marca cuyo nombre empieza con una marca de la tabla"
"e5c3e35d-d516-4580-a8c7-6726d6cedbeb","PRO05292","","05292","brand_id","","","","RIVIT","nombre del producto","la primera palabra coincide con una marca ya existente","MEDIUM","producto sin marca cuyo nombre empieza con una marca de la tabla"
"1c2e7f47-b6f1-4cb2-a8d2-5e5fcaf94cd3","PRO05298","","05298","brand_id","","","","TORERO","nombre del producto","la primera palabra coincide con una marca ya existente","MEDIUM","producto sin marca cuyo nombre empieza con una marca de la tabla"
"9ca45516-0404-4b1c-a97d-e30246c3dd60","PRO05299","","05299","brand_id","","","","TORERO","nombre del producto","la primera palabra coincide con una marca ya existente","MEDIUM","producto sin marca cuyo nombre empieza con una marca de la tabla"
"87602444-f240-4c33-8e99-8d4ca9d236ba","PRO05333","","05333","brand_id","","","","TORQUETOOLS","nombre del producto","la primera palabra coincide con una marca ya existente","MEDIUM","producto sin marca cuyo nombre empieza con una marca de la tabla"
"e9ecfbd7-796c-4cc7-a442-1f11e617e8b1","PRO05403","","05403","brand_id","","","","TORQUETOOLS","nombre del producto","la primera palabra coincide con una marca ya existente","MEDIUM","producto sin marca cuyo nombre empieza con una marca de la tabla"
"dbbe843b-b123-40ef-b2d1-c1e0d7cb96e6","PRO05425","","05425","brand_id","","","","YOKOTA","nombre del producto","la primera palabra coincide con una marca ya existente","MEDIUM","producto sin marca cuyo nombre empieza con una marca de la tabla"
"75992df6-390f-4815-a6f2-067ca9e0b266","PRO05445","","05445","brand_id","","","","TOHNICHI","nombre del producto","la primera palabra coincide con una marca ya existente","MEDIUM","producto sin marca cuyo nombre empieza con una marca de la tabla"
"8f782b40-bb6d-429f-86a0-2bf8ac3b263b","PRO05468","","05468","brand_id","","","","APEX","nombre del producto","la primera palabra coincide con una marca ya existente","MEDIUM","producto sin marca cuyo nombre empieza con una marca de la tabla"
"bb7cc28a-2d9e-4bc8-bbb4-346fed2a157b","PRO05469","","05469","brand_id","","","","APEX","nombre del producto","la primera palabra coincide con una marca ya existente","MEDIUM","producto sin marca cuyo nombre empieza con una marca de la tabla"
"d499f79a-b086-4bfa-bc15-c9e04874566f","PRO05498","","05498","brand_id","","","","ESTIC","nombre del producto","la primera palabra coincide con una marca ya existente","MEDIUM","producto sin marca cuyo nombre empieza con una marca de la tabla"
"909d3f6c-4d66-429b-90c9-2f537b838ab9","PRO05512","","05512","brand_id","","","","APEX","nombre del producto","la primera palabra coincide con una marca ya existente","MEDIUM","producto sin marca cuyo nombre empieza con una marca de la tabla"
"74d3ffd8-7db6-49d7-8ae0-b9e863cae467","PRO05515","","05515","brand_id","","","","APEX","nombre del producto","la primera palabra coincide con una marca ya existente","MEDIUM","producto sin marca cuyo nombre empieza con una marca de la tabla"
"2a4a33aa-bce6-4dc1-abf7-141dd9565b18","PRO05674","","05674","brand_id","","","","APEX","nombre del producto","la primera palabra coincide con una marca ya existente","MEDIUM","producto sin marca cuyo nombre empieza con una marca de la tabla"
"2a68e9a1-ce50-41d9-8ae5-06f865dc2b3a","PRO05675","","05675","brand_id","","","","APEX","nombre del producto","la primera palabra coincide con una marca ya existente","MEDIUM","producto sin marca cuyo nombre empieza con una marca de la tabla"
"4c3af770-6afd-4efb-abb2-268eb6e4b619","PRO05676","","05676","brand_id","","","","APEX","nombre del producto","la primera palabra coincide con una marca ya existente","MEDIUM","producto sin marca cuyo nombre empieza con una marca de la tabla"
"c0da2821-e860-43de-9386-b8bb2477d9ed","PRO05677","","05677","brand_id","","","","APEX","nombre del producto","la primera palabra coincide con una marca ya existente","MEDIUM","producto sin marca cuyo nombre empieza con una marca de la tabla"
"bfdd66f6-8037-4f24-8749-7bf0abda64b9","PRO05678","","05678","brand_id","","","","APEX","nombre del producto","la primera palabra coincide con una marca ya existente","MEDIUM","producto sin marca cuyo nombre empieza con una marca de la tabla"
"e382bdd0-baa7-4900-b14c-4f38eb41bbe3","PRO05680","","05680","brand_id","","","","APEX","nombre del producto","la primera palabra coincide con una marca ya existente","MEDIUM","producto sin marca cuyo nombre empieza con una marca de la tabla"
"f442585f-0c6e-4020-afa3-8e880438a881","PRO05681","","05681","brand_id","","","","APEX","nombre del producto","la primera palabra coincide con una marca ya existente","MEDIUM","producto sin marca cuyo nombre empieza con una marca de la tabla"
"43460227-b37a-4816-af30-6b5baf8ce678","PRO05682","","05682","brand_id","","","","APEX","nombre del producto","la primera palabra coincide con una marca ya existente","MEDIUM","producto sin marca cuyo nombre empieza con una marca de la tabla"
"7c46bfd5-b6d3-48b5-995a-d2c1b299d7a3","PRO05683","","05683","brand_id","","","","APEX","nombre del producto","la primera palabra coincide con una marca ya existente","MEDIUM","producto sin marca cuyo nombre empieza con una marca de la tabla"
"daa907a4-3b06-4806-9a54-663467ae6a09","PRO05684","","05684","brand_id","","","","APEX","nombre del producto","la primera palabra coincide con una marca ya existente","MEDIUM","producto sin marca cuyo nombre empieza con una marca de la tabla"
"f12ceab3-0006-486d-841d-ee4bef63fb9c","PRO05686","","05686","brand_id","","","","APEX","nombre del producto","la primera palabra coincide con una marca ya existente","MEDIUM","producto sin marca cuyo nombre empieza con una marca de la tabla"
"eee82932-107d-4352-a1a8-d4455a88aae4","PRO05687","","05687","brand_id","","","","APEX","nombre del producto","la primera palabra coincide con una marca ya existente","MEDIUM","producto sin marca cuyo nombre empieza con una marca de la tabla"
"d7a10359-4900-4251-ab8a-9c66285035b9","PRO05688","","05688","brand_id","","","","APEX","nombre del producto","la primera palabra coincide con una marca ya existente","MEDIUM","producto sin marca cuyo nombre empieza con una marca de la tabla"
"ddb25883-0c4a-490f-9cb8-236efa0539c9","PRO05689","","05689","brand_id","","","","APEX","nombre del producto","la primera palabra coincide con una marca ya existente","MEDIUM","producto sin marca cuyo nombre empieza con una marca de la tabla"
"a41e60d3-88d2-437e-b66d-8c2361532beb","PRO05690","","05690","brand_id","","","","APEX","nombre del producto","la primera palabra coincide con una marca ya existente","MEDIUM","producto sin marca cuyo nombre empieza con una marca de la tabla"
"b13313e2-adb1-4856-97ff-6a3cad4a8b9c","PRO05691","","05691","brand_id","","","","APEX","nombre del producto","la primera palabra coincide con una marca ya existente","MEDIUM","producto sin marca cuyo nombre empieza con una marca de la tabla"
"419f97ce-415a-4fc7-ac76-ef5022121f67","PRO05696","","05696","brand_id","","","","APEX","nombre del producto","la primera palabra coincide con una marca ya existente","MEDIUM","producto sin marca cuyo nombre empieza con una marca de la tabla"
"352d6db4-69a5-49b0-b841-a86d54baefa7","PRO05697","","05697","brand_id","","","","APEX","nombre del producto","la primera palabra coincide con una marca ya existente","MEDIUM","producto sin marca cuyo nombre empieza con una marca de la tabla"
"d9aade62-a86a-4cfe-978a-56dafb8c55c6","PRO05699","","05699","brand_id","","","","APEX","nombre del producto","la primera palabra coincide con una marca ya existente","MEDIUM","producto sin marca cuyo nombre empieza con una marca de la tabla"
"cdc27e90-58cf-4012-8baa-7d125089fe4c","PRO05700","","05700","brand_id","","","","APEX","nombre del producto","la primera palabra coincide con una marca ya existente","MEDIUM","producto sin marca cuyo nombre empieza con una marca de la tabla"
"9e5d8d91-de99-405a-99ed-1265297d2d7e","PRO05701","","05701","brand_id","","","","APEX","nombre del producto","la primera palabra coincide con una marca ya existente","MEDIUM","producto sin marca cuyo nombre empieza con una marca de la tabla"
"0594d4cc-1c14-4192-b9cb-6300056c6a28","PRO05702","","05702","brand_id","","","","APEX","nombre del producto","la primera palabra coincide con una marca ya existente","MEDIUM","producto sin marca cuyo nombre empieza con una marca de la tabla"
"401616ad-bfe2-43e8-8a03-5d146ccd3702","PRO05703","","05703","brand_id","","","","APEX","nombre del producto","la primera palabra coincide con una marca ya existente","MEDIUM","producto sin marca cuyo nombre empieza con una marca de la tabla"
"3785f0a9-344f-4826-9b17-3da5fda949a7","PRO05704","","05704","brand_id","","","","APEX","nombre del producto","la primera palabra coincide con una marca ya existente","MEDIUM","producto sin marca cuyo nombre empieza con una marca de la tabla"
"e7518c8f-6e30-4951-99c0-c4f3707a77f7","PRO05705","","05705","brand_id","","","","APEX","nombre del producto","la primera palabra coincide con una marca ya existente","MEDIUM","producto sin marca cuyo nombre empieza con una marca de la tabla"
"6ddcc48f-923b-4dc5-9b15-4bbe9c61f04a","PRO05706","","05706","brand_id","","","","APEX","nombre del producto","la primera palabra coincide con una marca ya existente","MEDIUM","producto sin marca cuyo nombre empieza con una marca de la tabla"
"307a9c5e-687f-434b-acd1-687025703ebd","PRO05707","","05707","brand_id","","","","APEX","nombre del producto","la primera palabra coincide con una marca ya existente","MEDIUM","producto sin marca cuyo nombre empieza con una marca de la tabla"
"62dde81f-81ca-42b5-9270-8acf28b2c6cc","PRO05708","","05708","brand_id","","","","APEX","nombre del producto","la primera palabra coincide con una marca ya existente","MEDIUM","producto sin marca cuyo nombre empieza con una marca de la tabla"
"edc674a4-e6b4-450f-9fc7-589680c876d0","PRO05711","","05711","brand_id","","","","APEX","nombre del producto","la primera palabra coincide con una marca ya existente","MEDIUM","producto sin marca cuyo nombre empieza con una marca de la tabla"
"add40665-04bf-4c2a-95c3-1d9daa843d34","PRO05712","","05712","brand_id","","","","APEX","nombre del producto","la primera palabra coincide con una marca ya existente","MEDIUM","producto sin marca cuyo nombre empieza con una marca de la tabla"
"cec2b668-658e-4ed6-9eef-f32ec9d0545f","PRO05713","","05713","brand_id","","","","APEX","nombre del producto","la primera palabra coincide con una marca ya existente","MEDIUM","producto sin marca cuyo nombre empieza con una marca de la tabla"
"d3212a63-c7ed-44e9-8c66-26e9590d1cc1","PRO05714","","05714","brand_id","","","","APEX","nombre del producto","la primera palabra coincide con una marca ya existente","MEDIUM","producto sin marca cuyo nombre empieza con una marca de la tabla"
"6ba78848-3101-443c-b416-4084bac3ec78","PRO05715","","05715","brand_id","","","","APEX","nombre del producto","la primera palabra coincide con una marca ya existente","MEDIUM","producto sin marca cuyo nombre empieza con una marca de la tabla"
"541ac02b-a53d-4639-8ddd-4f61412fb70d","PRO05717","","05717","brand_id","","","","APEX","nombre del producto","la primera palabra coincide con una marca ya existente","MEDIUM","producto sin marca cuyo nombre empieza con una marca de la tabla"
"d845497b-6f52-44a3-a1c8-3c87a399b277","PRO05718","","05718","brand_id","","","","APEX","nombre del producto","la primera palabra coincide con una marca ya existente","MEDIUM","producto sin marca cuyo nombre empieza con una marca de la tabla"
"14beb1fc-7dbb-4bf5-a8dd-de192602e95c","PRO05719","","05719","brand_id","","","","APEX","nombre del producto","la primera palabra coincide con una marca ya existente","MEDIUM","producto sin marca cuyo nombre empieza con una marca de la tabla"
"2d14d9cf-3d28-40ee-a1ab-34a2624b5205","PRO05720","","05720","brand_id","","","","APEX","nombre del producto","la primera palabra coincide con una marca ya existente","MEDIUM","producto sin marca cuyo nombre empieza con una marca de la tabla"
"f38492b1-56eb-48cc-94b8-b04e996605f5","PRO05721","","05721","brand_id","","","","APEX","nombre del producto","la primera palabra coincide con una marca ya existente","MEDIUM","producto sin marca cuyo nombre empieza con una marca de la tabla"
"ea5ec811-1b3e-4c0a-b86b-74e2037a3fab","PRO05722","","05722","brand_id","","","","APEX","nombre del producto","la primera palabra coincide con una marca ya existente","MEDIUM","producto sin marca cuyo nombre empieza con una marca de la tabla"
"7a91f9fd-594c-42ee-887a-0e8bd8cd5653","PRO05723","","05723","brand_id","","","","APEX","nombre del producto","la primera palabra coincide con una marca ya existente","MEDIUM","producto sin marca cuyo nombre empieza con una marca de la tabla"
"a3b1d91f-e175-49bc-8f6f-782fa5b2bdc1","PRO05724","","05724","brand_id","","","","APEX","nombre del producto","la primera palabra coincide con una marca ya existente","MEDIUM","producto sin marca cuyo nombre empieza con una marca de la tabla"
"372ad15f-eaa0-4521-a0e5-68d9ae412833","PRO05725","","05725","brand_id","","","","APEX","nombre del producto","la primera palabra coincide con una marca ya existente","MEDIUM","producto sin marca cuyo nombre empieza con una marca de la tabla"
"f6bb2edc-a2d9-4d7a-b7a2-a669cdefd4ff","PRO05726","","05726","brand_id","","","","APEX","nombre del producto","la primera palabra coincide con una marca ya existente","MEDIUM","producto sin marca cuyo nombre empieza con una marca de la tabla"
"75dc7932-4af9-40c8-97bf-3b554527e7b4","PRO05727","","05727","brand_id","","","","APEX","nombre del producto","la primera palabra coincide con una marca ya existente","MEDIUM","producto sin marca cuyo nombre empieza con una marca de la tabla"
"3bd64d8e-068b-42b8-b084-e9dc5d967c8d","PRO05742","","05742","brand_id","","","","CHICAGO PNEUMATIC","nombre del producto","la primera palabra coincide con una marca ya existente","MEDIUM","producto sin marca cuyo nombre empieza con una marca de la tabla"
"754871f7-052f-499d-b662-ab03919e7aa0","PRO05772","","05772","brand_id","","","","URYU","nombre del producto","la primera palabra coincide con una marca ya existente","MEDIUM","producto sin marca cuyo nombre empieza con una marca de la tabla"
"eb7fc229-75ac-4583-815f-337399c2c982","PRO05773","","05773","brand_id","","","","URYU","nombre del producto","la primera palabra coincide con una marca ya existente","MEDIUM","producto sin marca cuyo nombre empieza con una marca de la tabla"
"16694978-5db8-4cb1-b88e-73ae640b4147","PRO05776","","05776","brand_id","","","","URYU","nombre del producto","la primera palabra coincide con una marca ya existente","MEDIUM","producto sin marca cuyo nombre empieza con una marca de la tabla"
"0e6a7fed-178a-4a9a-bb28-de328163fee7","PRO05778","","05778","brand_id","","","","URYU","nombre del producto","la primera palabra coincide con una marca ya existente","MEDIUM","producto sin marca cuyo nombre empieza con una marca de la tabla"
"b2497199-7d93-4f93-93c6-0b525f85e123","PRO05779","","05779","brand_id","","","","URYU","nombre del producto","la primera palabra coincide con una marca ya existente","MEDIUM","producto sin marca cuyo nombre empieza con una marca de la tabla"
"fcec1e9d-1c60-4311-a154-eefecb8c860b","PRO05780","","05780","brand_id","","","","URYU","nombre del producto","la primera palabra coincide con una marca ya existente","MEDIUM","producto sin marca cuyo nombre empieza con una marca de la tabla"
"8df0a19c-cc40-4050-8aeb-6ff541eaa47b","PRO05781","","05781","brand_id","","","","URYU","nombre del producto","la primera palabra coincide con una marca ya existente","MEDIUM","producto sin marca cuyo nombre empieza con una marca de la tabla"
"cf457dba-24b8-483a-af3c-8706d9a33732","PRO05784","","05784","brand_id","","","","YOKOTA","nombre del producto","la primera palabra coincide con una marca ya existente","MEDIUM","producto sin marca cuyo nombre empieza con una marca de la tabla"
"4ba8ff58-e1a3-4d57-9699-3aae616e7708","PRO05810","","05810","brand_id","","","","TORERO","nombre del producto","la primera palabra coincide con una marca ya existente","MEDIUM","producto sin marca cuyo nombre empieza con una marca de la tabla"
"8436f369-00fd-4778-b7d3-de5060bef889","PRO05814","","05814","brand_id","","","","RIVIT","nombre del producto","la primera palabra coincide con una marca ya existente","MEDIUM","producto sin marca cuyo nombre empieza con una marca de la tabla"
"c267e52c-a6c6-45f2-b162-df0657151a30","PRO05815","","05815","brand_id","","","","RIVIT","nombre del producto","la primera palabra coincide con una marca ya existente","MEDIUM","producto sin marca cuyo nombre empieza con una marca de la tabla"
"2efca5ed-2d8b-4c34-be96-01a66695b8af","PRO05816","","05816","brand_id","","","","RIVIT","nombre del producto","la primera palabra coincide con una marca ya existente","MEDIUM","producto sin marca cuyo nombre empieza con una marca de la tabla"
"ffe31f32-61a3-44a7-b221-52ac7f760535","PRO05824","","05824","brand_id","","","","TOHNICHI","nombre del producto","la primera palabra coincide con una marca ya existente","MEDIUM","producto sin marca cuyo nombre empieza con una marca de la tabla"
"0be37476-d01d-4a01-8ade-d49d0c09450b","PRO05827","","05827","brand_id","","","","TOHNICHI","nombre del producto","la primera palabra coincide con una marca ya existente","MEDIUM","producto sin marca cuyo nombre empieza con una marca de la tabla"
"565783b6-bdd0-4d3a-b0db-3e959ab2e8c8","PRO05828","","05828","brand_id","","","","YOKOTA","nombre del producto","la primera palabra coincide con una marca ya existente","MEDIUM","producto sin marca cuyo nombre empieza con una marca de la tabla"
"43144570-bc1f-422d-8cb4-1fa50ba8aad8","PRO05831","","05831","brand_id","","","","APEX","nombre del producto","la primera palabra coincide con una marca ya existente","MEDIUM","producto sin marca cuyo nombre empieza con una marca de la tabla"
"fc308584-75a9-4490-80c2-15735d590f9f","PRO05835","","05835","brand_id","","","","APEX","nombre del producto","la primera palabra coincide con una marca ya existente","MEDIUM","producto sin marca cuyo nombre empieza con una marca de la tabla"
"cb8dcbd6-b51f-48fb-bf82-c8901ca01bec","PRO05838","","05838","brand_id","","","","APEX","nombre del producto","la primera palabra coincide con una marca ya existente","MEDIUM","producto sin marca cuyo nombre empieza con una marca de la tabla"
"b4289421-83b7-41d1-931a-dcb3d81452a1","PRO05844","","05844","brand_id","","","","APEX","nombre del producto","la primera palabra coincide con una marca ya existente","MEDIUM","producto sin marca cuyo nombre empieza con una marca de la tabla"
"bb86f4e7-425b-4357-935e-723912a8eae7","PRO05845","","05845","brand_id","","","","APEX","nombre del producto","la primera palabra coincide con una marca ya existente","MEDIUM","producto sin marca cuyo nombre empieza con una marca de la tabla"
"fdc6801b-867d-4e19-9f7c-d025d81e0e06","PRO05882","","05882","brand_id","","","","URYU","nombre del producto","la primera palabra coincide con una marca ya existente","MEDIUM","producto sin marca cuyo nombre empieza con una marca de la tabla"
"6d7f5181-04ed-4855-94af-6ddaf64cabdd","PRO05883","","05883","brand_id","","","","URYU","nombre del producto","la primera palabra coincide con una marca ya existente","MEDIUM","producto sin marca cuyo nombre empieza con una marca de la tabla"
"04682fea-b046-4818-b534-b246ea513ecd","PRO05920","","05920","brand_id","","","","APEX","nombre del producto","la primera palabra coincide con una marca ya existente","MEDIUM","producto sin marca cuyo nombre empieza con una marca de la tabla"
"1498b718-757c-4152-9b9a-1d9a3539b5a0","PRO05992","","05992","brand_id","","","","TOHNICHI","nombre del producto","la primera palabra coincide con una marca ya existente","MEDIUM","producto sin marca cuyo nombre empieza con una marca de la tabla"
"104bb220-fbc4-4891-a70f-d2e3ffa0e8b9","PRO05993","","05993","brand_id","","","","TOHNICHI","nombre del producto","la primera palabra coincide con una marca ya existente","MEDIUM","producto sin marca cuyo nombre empieza con una marca de la tabla"
"340b4ef6-2e90-4277-9eff-a9970e99dc46","PRO05994","","05994","brand_id","","","","TOHNICHI","nombre del producto","la primera palabra coincide con una marca ya existente","MEDIUM","producto sin marca cuyo nombre empieza con una marca de la tabla"
"e1703d98-5885-49e4-8267-e4f8da49c310","PRO05995","","05995","brand_id","","","","TOHNICHI","nombre del producto","la primera palabra coincide con una marca ya existente","MEDIUM","producto sin marca cuyo nombre empieza con una marca de la tabla"
"1bb14b53-3807-4eb7-83c8-d0efabf1a1db","PRO05996","","05996","brand_id","","","","TOHNICHI","nombre del producto","la primera palabra coincide con una marca ya existente","MEDIUM","producto sin marca cuyo nombre empieza con una marca de la tabla"
"0dad91b2-8543-4806-98ae-7c3ffabf52de","PRO06066","","06066","brand_id","","","","URYU","nombre del producto","la primera palabra coincide con una marca ya existente","MEDIUM","producto sin marca cuyo nombre empieza con una marca de la tabla"
"403ea1d8-955f-4cf0-be5e-38d8cec444d7","PRO06067","","06067","brand_id","","","","URYU","nombre del producto","la primera palabra coincide con una marca ya existente","MEDIUM","producto sin marca cuyo nombre empieza con una marca de la tabla"
"7b0a94a6-31ad-443d-9473-993d6ab49bdc","PRO06069","","06069","brand_id","","","","URYU","nombre del producto","la primera palabra coincide con una marca ya existente","MEDIUM","producto sin marca cuyo nombre empieza con una marca de la tabla"
"f46387f4-026b-4d9c-9881-c853f86b78bd","PRO06074","","06074","brand_id","","","","URYU","nombre del producto","la primera palabra coincide con una marca ya existente","MEDIUM","producto sin marca cuyo nombre empieza con una marca de la tabla"
"8bf25635-e26f-4052-8ac6-0b4642eb8e8b","PRO06075","","06075","brand_id","","","","URYU","nombre del producto","la primera palabra coincide con una marca ya existente","MEDIUM","producto sin marca cuyo nombre empieza con una marca de la tabla"
"32d51739-df0c-4dc3-8eaf-310d5b3c6149","PRO06076","","06076","brand_id","","","","URYU","nombre del producto","la primera palabra coincide con una marca ya existente","MEDIUM","producto sin marca cuyo nombre empieza con una marca de la tabla"
"09a1adc2-9dfc-4140-bb35-1458a9bd1578","PRO06077","","06077","brand_id","","","","URYU","nombre del producto","la primera palabra coincide con una marca ya existente","MEDIUM","producto sin marca cuyo nombre empieza con una marca de la tabla"
"35791783-155f-48a0-9347-7a1bfe14f658","PRO06078","","06078","brand_id","","","","URYU","nombre del producto","la primera palabra coincide con una marca ya existente","MEDIUM","producto sin marca cuyo nombre empieza con una marca de la tabla"
"f8e099c4-e43c-4e03-8f82-12a4660abf03","PRO06079","","06079","brand_id","","","","URYU","nombre del producto","la primera palabra coincide con una marca ya existente","MEDIUM","producto sin marca cuyo nombre empieza con una marca de la tabla"
"b14e52d1-110e-4150-bfcf-186fc206d028","PRO06080","","06080","brand_id","","","","URYU","nombre del producto","la primera palabra coincide con una marca ya existente","MEDIUM","producto sin marca cuyo nombre empieza con una marca de la tabla"
"1438c2b0-1a40-45a5-b19e-666520b1a83e","PRO06081","","06081","brand_id","","","","URYU","nombre del producto","la primera palabra coincide con una marca ya existente","MEDIUM","producto sin marca cuyo nombre empieza con una marca de la tabla"
"f3b772a0-20a8-45be-8864-e5fa4956936a","PRO06082","","06082","brand_id","","","","URYU","nombre del producto","la primera palabra coincide con una marca ya existente","MEDIUM","producto sin marca cuyo nombre empieza con una marca de la tabla"
"01b264f5-e1dd-489e-bb95-8f821b1488cf","PRO06085","","06085","brand_id","","","","URYU","nombre del producto","la primera palabra coincide con una marca ya existente","MEDIUM","producto sin marca cuyo nombre empieza con una marca de la tabla"
"35f6c774-f3d3-4c04-b357-47ce3a92d539","PRO06086","","06086","brand_id","","","","URYU","nombre del producto","la primera palabra coincide con una marca ya existente","MEDIUM","producto sin marca cuyo nombre empieza con una marca de la tabla"
"9d53f343-c5fe-4acd-95e3-8807fe405257","PRO06087","","06087","brand_id","","","","URYU","nombre del producto","la primera palabra coincide con una marca ya existente","MEDIUM","producto sin marca cuyo nombre empieza con una marca de la tabla"
"e13f5ec4-4c89-4218-b1a2-af01e0e83e98","PRO06088","","06088","brand_id","","","","URYU","nombre del producto","la primera palabra coincide con una marca ya existente","MEDIUM","producto sin marca cuyo nombre empieza con una marca de la tabla"
"4f8b162c-62db-4768-969b-07b012255f6f","PRO06089","","06089","brand_id","","","","URYU","nombre del producto","la primera palabra coincide con una marca ya existente","MEDIUM","producto sin marca cuyo nombre empieza con una marca de la tabla"
"2b8aad11-d649-479d-99d0-30df70d14f19","PRO06144","","06144","brand_id","","","","APEX","nombre del producto","la primera palabra coincide con una marca ya existente","MEDIUM","producto sin marca cuyo nombre empieza con una marca de la tabla"
"296088f0-cc2d-4cdf-9e6e-e6b2514e2ff8","PRO07119","","07119","brand_id","","","","CHICAGO PNEUMATIC","nombre del producto","la primera palabra coincide con una marca ya existente","MEDIUM","producto sin marca cuyo nombre empieza con una marca de la tabla"
"e4a4fc56-371d-4ff1-adf7-90b4c9cef0ac","PRO07120","","07120","brand_id","","","","URYU","nombre del producto","la primera palabra coincide con una marca ya existente","MEDIUM","producto sin marca cuyo nombre empieza con una marca de la tabla"
"98024527-dd83-4397-af40-7fe4bf11c9e3","PRO07384","","07384","brand_id","","","","ESTIC","nombre del producto","la primera palabra coincide con una marca ya existente","MEDIUM","producto sin marca cuyo nombre empieza con una marca de la tabla"
"a8c83930-e9c9-48d3-8787-b6f632d85b30","PRO07400","","07400","brand_id","","","","FIAM","nombre del producto","la primera palabra coincide con una marca ya existente","MEDIUM","producto sin marca cuyo nombre empieza con una marca de la tabla"
"cdcf2054-daac-49c3-8912-cae9a128d85a","PRO07495","","07495","brand_id","","","","TOHNICHI","nombre del producto","la primera palabra coincide con una marca ya existente","MEDIUM","producto sin marca cuyo nombre empieza con una marca de la tabla"
"3b7b86b4-0a62-4452-98d6-9ce6498895aa","PRO07520","","07520","brand_id","","","","RIVIT","nombre del producto","la primera palabra coincide con una marca ya existente","MEDIUM","producto sin marca cuyo nombre empieza con una marca de la tabla"
"e00883ca-05a8-47c2-992b-17bfdf09f6bc","PRO07527","","07527","brand_id","","","","APEX","nombre del producto","la primera palabra coincide con una marca ya existente","MEDIUM","producto sin marca cuyo nombre empieza con una marca de la tabla"
"91793922-3ddf-42ce-b841-04b5227776d4","PRO07533","","07533","brand_id","","","","YOKOTA","nombre del producto","la primera palabra coincide con una marca ya existente","MEDIUM","producto sin marca cuyo nombre empieza con una marca de la tabla"
"faefab3e-6a82-4a9d-b9df-e1a2460e5dfd","PRO07627","","07627","brand_id","","","","URYU","nombre del producto","la primera palabra coincide con una marca ya existente","MEDIUM","producto sin marca cuyo nombre empieza con una marca de la tabla"
"1f7392de-cc84-4845-98e0-bcaadc2bf1f6","PRO07666","","07666","brand_id","","","","ESTIC","nombre del producto","la primera palabra coincide con una marca ya existente","MEDIUM","producto sin marca cuyo nombre empieza con una marca de la tabla"
"1c2bf515-3b89-4a02-9ccd-4d99d041bf34","PRO07717","","07717","brand_id","","","","RIVIT","nombre del producto","la primera palabra coincide con una marca ya existente","MEDIUM","producto sin marca cuyo nombre empieza con una marca de la tabla"
"52f4d156-16f7-4243-a878-1ed82c4b02c8","PRO07739","","07739","brand_id","","","","TORQUETOOLS","nombre del producto","la primera palabra coincide con una marca ya existente","MEDIUM","producto sin marca cuyo nombre empieza con una marca de la tabla"
"33ee3199-b8dd-4dc2-a9f7-7a8753471c7f","PRO07740","","07740","brand_id","","","","TORQUETOOLS","nombre del producto","la primera palabra coincide con una marca ya existente","MEDIUM","producto sin marca cuyo nombre empieza con una marca de la tabla"
"f490d0fc-9b80-479c-8eea-7b8382b36751","PRO09353","","PRO09353","brand_id","","","","INGERSOLL RAND","nombre del producto","la primera palabra coincide con una marca ya existente","MEDIUM","producto sin marca cuyo nombre empieza con una marca de la tabla"
"72c3557d-3c9d-4fe7-879e-94328f8d18d4","PRO09603","","09603","brand_id","","","","TORERO","nombre del producto","la primera palabra coincide con una marca ya existente","MEDIUM","producto sin marca cuyo nombre empieza con una marca de la tabla"
"9333440d-23a2-41cc-a2ed-b2808236997b","PRO09604","","09604","brand_id","","","","TORERO","nombre del producto","la primera palabra coincide con una marca ya existente","MEDIUM","producto sin marca cuyo nombre empieza con una marca de la tabla"
"a63e6192-2c08-4168-b776-f7deeaadeb22","PRO09605","","09605","brand_id","","","","TORERO","nombre del producto","la primera palabra coincide con una marca ya existente","MEDIUM","producto sin marca cuyo nombre empieza con una marca de la tabla"
"442632ce-5075-418f-a5d5-87d07fe9abd9","PRO09620","","09620","brand_id","","","","RIVIT","nombre del producto","la primera palabra coincide con una marca ya existente","MEDIUM","producto sin marca cuyo nombre empieza con una marca de la tabla"
"d57f14ec-ed13-4686-bfdd-2bbc17ece159","PRO09793","","09793","brand_id","","","","TOHNICHI","nombre del producto","la primera palabra coincide con una marca ya existente","MEDIUM","producto sin marca cuyo nombre empieza con una marca de la tabla"
"c9daae22-ba9f-410a-8349-295247266e3b","PRO09802","","09802","brand_id","","","","TOHNICHI","nombre del producto","la primera palabra coincide con una marca ya existente","MEDIUM","producto sin marca cuyo nombre empieza con una marca de la tabla"
"06ba1129-a4e7-4bbd-b70c-a6a56e0cd460","PRO09843","","09843","brand_id","","","","CHICAGO PNEUMATIC","nombre del producto","la primera palabra coincide con una marca ya existente","MEDIUM","producto sin marca cuyo nombre empieza con una marca de la tabla"
"d1df3d4f-1e95-4fa9-b7ea-f64d0d8d560c","PRO09901","","09901","brand_id","","","","DUROFIX","nombre del producto","la primera palabra coincide con una marca ya existente","MEDIUM","producto sin marca cuyo nombre empieza con una marca de la tabla"
"ea63e2ea-78f5-421e-ae37-86965e19566b","PRO09902","","09902","brand_id","","","","DUROFIX","nombre del producto","la primera palabra coincide con una marca ya existente","MEDIUM","producto sin marca cuyo nombre empieza con una marca de la tabla"
"bae6a795-931c-4de4-8b07-cdbb1d8be135","PRO09904","","09904","brand_id","","","","DUROFIX","nombre del producto","la primera palabra coincide con una marca ya existente","MEDIUM","producto sin marca cuyo nombre empieza con una marca de la tabla"
"fbab47ed-8cf3-4c76-aa3b-b0ba8f6cc92a","PRO09918","","09918","brand_id","","","","DUROFIX","nombre del producto","la primera palabra coincide con una marca ya existente","MEDIUM","producto sin marca cuyo nombre empieza con una marca de la tabla"
"3e1104ae-b676-4305-9de6-c38419d81ea8","PRO09920","","09920","brand_id","","","","DUROFIX","nombre del producto","la primera palabra coincide con una marca ya existente","MEDIUM","producto sin marca cuyo nombre empieza con una marca de la tabla"
"118d2ce2-74e1-464b-9b27-3a1e30012e2c","PRO10000","","10000","brand_id","","","","CHICAGO PNEUMATIC","nombre del producto","la primera palabra coincide con una marca ya existente","MEDIUM","producto sin marca cuyo nombre empieza con una marca de la tabla"
"f370028a-f159-4537-a9fe-3dbd37d284d0","PRO10001","","10001","brand_id","","","","CHICAGO PNEUMATIC","nombre del producto","la primera palabra coincide con una marca ya existente","MEDIUM","producto sin marca cuyo nombre empieza con una marca de la tabla"
"fc831863-f7d7-4f29-ad65-09f25d73f678","PRO10002","","10002","brand_id","","","","CHICAGO PNEUMATIC","nombre del producto","la primera palabra coincide con una marca ya existente","MEDIUM","producto sin marca cuyo nombre empieza con una marca de la tabla"
"d71193a2-65cd-41bf-a1b6-1a2726678862","PRO10003","","10003","brand_id","","","","CHICAGO PNEUMATIC","nombre del producto","la primera palabra coincide con una marca ya existente","MEDIUM","producto sin marca cuyo nombre empieza con una marca de la tabla"
"8d34b3d8-138b-4304-8c4c-c6d0fcafa572","PRO10004","","10004","brand_id","","","","ESTIC","nombre del producto","la primera palabra coincide con una marca ya existente","MEDIUM","producto sin marca cuyo nombre empieza con una marca de la tabla"
"ff0ccb84-9e2c-4a1e-a820-1a714bccbd52","PRO10005","","10005","brand_id","","","","ESTIC","nombre del producto","la primera palabra coincide con una marca ya existente","MEDIUM","producto sin marca cuyo nombre empieza con una marca de la tabla"
"682c4889-8f24-4e52-b4a8-f836d3e26adf","PRO10042","","10042","brand_id","","","","TOHNICHI","nombre del producto","la primera palabra coincide con una marca ya existente","MEDIUM","producto sin marca cuyo nombre empieza con una marca de la tabla"
"549bec87-dea9-40d0-8fd0-e2ebe9d154fb","PRO10043","","10043","brand_id","","","","DUROFIX","nombre del producto","la primera palabra coincide con una marca ya existente","MEDIUM","producto sin marca cuyo nombre empieza con una marca de la tabla"
"30a0f89b-0dce-4f7b-9dd3-0f3859e2307a","PRO10115","","10115","brand_id","","","","TORERO","nombre del producto","la primera palabra coincide con una marca ya existente","MEDIUM","producto sin marca cuyo nombre empieza con una marca de la tabla"
"e6f7fa9f-1e08-4827-bafa-ad0cffc1ac9c","PRO10457","","10457","brand_id","","","","URYU","nombre del producto","la primera palabra coincide con una marca ya existente","MEDIUM","producto sin marca cuyo nombre empieza con una marca de la tabla"
"a645770c-bfb9-4a9c-927e-39df0f94596a","PRO10577","","10577","brand_id","","","","CHICAGO PNEUMATIC","nombre del producto","la primera palabra coincide con una marca ya existente","MEDIUM","producto sin marca cuyo nombre empieza con una marca de la tabla"
"ad7f42b6-6b70-42a0-bbdf-327ad47c5d5e","PRO10579","","10579","brand_id","","","","TOHNICHI","nombre del producto","la primera palabra coincide con una marca ya existente","MEDIUM","producto sin marca cuyo nombre empieza con una marca de la tabla"
"107cbc99-c35b-402e-a291-c1b5afcb500b","PRO10580","","10580","brand_id","","","","TOHNICHI","nombre del producto","la primera palabra coincide con una marca ya existente","MEDIUM","producto sin marca cuyo nombre empieza con una marca de la tabla"
"ff3ad9cf-7ccd-48b3-b0a2-569002859baa","PRO10621","","10621","brand_id","","","","CHICAGO PNEUMATIC","nombre del producto","la primera palabra coincide con una marca ya existente","MEDIUM","producto sin marca cuyo nombre empieza con una marca de la tabla"
"03b0086b-8cc2-44ab-9415-da9eeb39f330","PRO10926","","10926","brand_id","","","","TORERO","nombre del producto","la primera palabra coincide con una marca ya existente","MEDIUM","producto sin marca cuyo nombre empieza con una marca de la tabla"
"822b1e89-63d8-47a4-9e4c-94d64c0f8723","PRO10941","","10941","brand_id","","","","DUROFIX","nombre del producto","la primera palabra coincide con una marca ya existente","MEDIUM","producto sin marca cuyo nombre empieza con una marca de la tabla"
"d1c8905a-88a4-460a-a90a-34567add1417","PRO10998","","10998","brand_id","","","","ESTIC","nombre del producto","la primera palabra coincide con una marca ya existente","MEDIUM","producto sin marca cuyo nombre empieza con una marca de la tabla"
"4ba432b7-37fa-48cf-896e-5741885d5990","PRO11010","","11010","brand_id","","","","URYU","nombre del producto","la primera palabra coincide con una marca ya existente","MEDIUM","producto sin marca cuyo nombre empieza con una marca de la tabla"
"acb27a0d-cc32-42c2-86d5-d2401e7f8324","PRO11244","","11244","brand_id","","","","TORQUETOOLS","nombre del producto","la primera palabra coincide con una marca ya existente","MEDIUM","producto sin marca cuyo nombre empieza con una marca de la tabla"
"0e6bed71-5ea6-405c-af30-87ac97ba293e","PRO11245","","11245","brand_id","","","","TORQUETOOLS","nombre del producto","la primera palabra coincide con una marca ya existente","MEDIUM","producto sin marca cuyo nombre empieza con una marca de la tabla"
"9ec07813-e854-469f-b99e-69b52aa868c5","PRO11347","","11347","brand_id","","","","TORQUETOOLS","nombre del producto","la primera palabra coincide con una marca ya existente","MEDIUM","producto sin marca cuyo nombre empieza con una marca de la tabla"
"697bd302-3e50-46d9-8276-4f8b722b713a","PRO11361","","11361","brand_id","","","","APEX","nombre del producto","la primera palabra coincide con una marca ya existente","MEDIUM","producto sin marca cuyo nombre empieza con una marca de la tabla"
"3213aa47-31b4-400e-9966-996f8b1c840f","PRO11385","","11385","brand_id","","","","CHICAGO PNEUMATIC","nombre del producto","la primera palabra coincide con una marca ya existente","MEDIUM","producto sin marca cuyo nombre empieza con una marca de la tabla"
"116cd5ca-fb29-465a-ad31-afff2e57c5b4","PRO11395","","11395","brand_id","","","","APEX","nombre del producto","la primera palabra coincide con una marca ya existente","MEDIUM","producto sin marca cuyo nombre empieza con una marca de la tabla"
"4d50013f-40f2-4304-aa99-facb79390db8","PRO11403","","11403","brand_id","","","","DUROFIX","nombre del producto","la primera palabra coincide con una marca ya existente","MEDIUM","producto sin marca cuyo nombre empieza con una marca de la tabla"
"f53c9042-5c25-4195-9d46-d68fff846e73","PRO11466","","11466","brand_id","","","","RIVIT","nombre del producto","la primera palabra coincide con una marca ya existente","MEDIUM","producto sin marca cuyo nombre empieza con una marca de la tabla"
"242a1413-e326-4fc1-bec0-add520c985d4","PRO11583","","11583","brand_id","","","","RIVIT","nombre del producto","la primera palabra coincide con una marca ya existente","MEDIUM","producto sin marca cuyo nombre empieza con una marca de la tabla"
"14eb8c2d-17c2-4bc1-b853-69781be45e0f","PRO11816","","11816","brand_id","","","","APEX","nombre del producto","la primera palabra coincide con una marca ya existente","MEDIUM","producto sin marca cuyo nombre empieza con una marca de la tabla"
"f71b5681-b2aa-4175-ac36-efe2f014ab05","PRO11884","","11884","brand_id","","","","URYU","nombre del producto","la primera palabra coincide con una marca ya existente","MEDIUM","producto sin marca cuyo nombre empieza con una marca de la tabla"
"013ae513-6707-49fb-82cb-df4a6fca6ca3","PRO11888","","11888","brand_id","","","","ESTIC","nombre del producto","la primera palabra coincide con una marca ya existente","MEDIUM","producto sin marca cuyo nombre empieza con una marca de la tabla"
"76dce6a1-20fb-4882-9cb4-977946b89979","PRO11965","","11965","brand_id","","","","URYU","nombre del producto","la primera palabra coincide con una marca ya existente","MEDIUM","producto sin marca cuyo nombre empieza con una marca de la tabla"
"2f5a5bc5-1e9b-47a9-a47f-4b0e892f4eac","PRO12006","","12006","brand_id","","","","FIAM","nombre del producto","la primera palabra coincide con una marca ya existente","MEDIUM","producto sin marca cuyo nombre empieza con una marca de la tabla"
"de0907b5-5bcd-4270-85b3-ff1a10b04a74","PRO12014","","12014","brand_id","","","","TOHNICHI","nombre del producto","la primera palabra coincide con una marca ya existente","MEDIUM","producto sin marca cuyo nombre empieza con una marca de la tabla"
"51fa985f-ca5a-4378-81d2-7870c1c34aa6","PRO12090","","12090","brand_id","","","","GEDORE","nombre del producto","la primera palabra coincide con una marca ya existente","MEDIUM","producto sin marca cuyo nombre empieza con una marca de la tabla"
"9cd5a12a-7e08-4507-8d39-f3188a276f99","PRO12092","","12092","brand_id","","","","GEDORE","nombre del producto","la primera palabra coincide con una marca ya existente","MEDIUM","producto sin marca cuyo nombre empieza con una marca de la tabla"
"a623e4dc-fcfe-4d5e-9c25-3e04936f669c","PRO12098","","12098","brand_id","","","","CHICAGO PNEUMATIC","nombre del producto","la primera palabra coincide con una marca ya existente","MEDIUM","producto sin marca cuyo nombre empieza con una marca de la tabla"
"52b11b8c-f8a0-41fd-b6e9-14c2961cd31d","PRO12099","","12099","brand_id","","","","CHICAGO PNEUMATIC","nombre del producto","la primera palabra coincide con una marca ya existente","MEDIUM","producto sin marca cuyo nombre empieza con una marca de la tabla"
"884447ec-0ac0-49c8-9c2a-d98fd55ff351","PRO12100","","12100","brand_id","","","","CHICAGO PNEUMATIC","nombre del producto","la primera palabra coincide con una marca ya existente","MEDIUM","producto sin marca cuyo nombre empieza con una marca de la tabla"
"6b7f89b5-a561-40bb-8534-57022384fd2b","PRO12101","","12101","brand_id","","","","CHICAGO PNEUMATIC","nombre del producto","la primera palabra coincide con una marca ya existente","MEDIUM","producto sin marca cuyo nombre empieza con una marca de la tabla"
"d322d596-15f1-4529-9025-bbd004f736ff","PRO12102","","12102","brand_id","","","","CHICAGO PNEUMATIC","nombre del producto","la primera palabra coincide con una marca ya existente","MEDIUM","producto sin marca cuyo nombre empieza con una marca de la tabla"
"b63eaecb-9e0d-4f7a-9d69-31cf117ccf45","PRO12115","","12115","brand_id","","","","CHICAGO PNEUMATIC","nombre del producto","la primera palabra coincide con una marca ya existente","MEDIUM","producto sin marca cuyo nombre empieza con una marca de la tabla"
"6319c7d2-ee41-4075-902f-988fd14d9890","PRO12186","","12186","brand_id","","","","INGERSOLL RAND","nombre del producto","la primera palabra coincide con una marca ya existente","MEDIUM","producto sin marca cuyo nombre empieza con una marca de la tabla"
"03d4bdf4-23c3-424a-a8f7-937595b50a0f","PRO12190","","12190","brand_id","","","","INGERSOLL RAND","nombre del producto","la primera palabra coincide con una marca ya existente","MEDIUM","producto sin marca cuyo nombre empieza con una marca de la tabla"
"b52747bf-ce5c-4f49-af8a-7d0d3df6af9e","PRO12191","","12191","brand_id","","","","INGERSOLL RAND","nombre del producto","la primera palabra coincide con una marca ya existente","MEDIUM","producto sin marca cuyo nombre empieza con una marca de la tabla"
"5d943f05-454e-4c0e-9bbe-cb50bf729d85","PRO12192","","12192","brand_id","","","","INGERSOLL RAND","nombre del producto","la primera palabra coincide con una marca ya existente","MEDIUM","producto sin marca cuyo nombre empieza con una marca de la tabla"
"53ac71fe-5abb-4a16-88b8-39bb061ffecf","PRO12193","","12193","brand_id","","","","INGERSOLL RAND","nombre del producto","la primera palabra coincide con una marca ya existente","MEDIUM","producto sin marca cuyo nombre empieza con una marca de la tabla"
"006a35cc-ff8a-4340-a2a3-8354e504215f","PRO12194","","12194","brand_id","","","","INGERSOLL RAND","nombre del producto","la primera palabra coincide con una marca ya existente","MEDIUM","producto sin marca cuyo nombre empieza con una marca de la tabla"
"ede3cdaa-c0e7-4dbb-aba7-e49d75f26956","PRO12195","","12195","brand_id","","","","INGERSOLL RAND","nombre del producto","la primera palabra coincide con una marca ya existente","MEDIUM","producto sin marca cuyo nombre empieza con una marca de la tabla"
"2b329abe-818a-464e-aa44-a18c14a40019","PRO12196","","12196","brand_id","","","","INGERSOLL RAND","nombre del producto","la primera palabra coincide con una marca ya existente","MEDIUM","producto sin marca cuyo nombre empieza con una marca de la tabla"
"c01d1837-9403-41a0-8a22-8f2aeb14758c","PRO12197","","12197","brand_id","","","","INGERSOLL RAND","nombre del producto","la primera palabra coincide con una marca ya existente","MEDIUM","producto sin marca cuyo nombre empieza con una marca de la tabla"
"74c216de-1222-444f-8258-dff2c96779ac","PRO12198","","12198","brand_id","","","","INGERSOLL RAND","nombre del producto","la primera palabra coincide con una marca ya existente","MEDIUM","producto sin marca cuyo nombre empieza con una marca de la tabla"
"4bf920f2-eb7d-4bc1-aa6c-680223fe5659","PRO12199","","12199","brand_id","","","","INGERSOLL RAND","nombre del producto","la primera palabra coincide con una marca ya existente","MEDIUM","producto sin marca cuyo nombre empieza con una marca de la tabla"
"67fbb239-0b57-4874-a0a6-8d17203c8aec","PRO12200","","12200","brand_id","","","","INGERSOLL RAND","nombre del producto","la primera palabra coincide con una marca ya existente","MEDIUM","producto sin marca cuyo nombre empieza con una marca de la tabla"
"1e27fdba-f6bb-4b3e-ad1b-c13d9bc44b9e","PRO12201","","12201","brand_id","","","","INGERSOLL RAND","nombre del producto","la primera palabra coincide con una marca ya existente","MEDIUM","producto sin marca cuyo nombre empieza con una marca de la tabla"
"77e4ca91-7f83-4c88-bcbb-ec8845e8e648","PRO12202","","12202","brand_id","","","","INGERSOLL RAND","nombre del producto","la primera palabra coincide con una marca ya existente","MEDIUM","producto sin marca cuyo nombre empieza con una marca de la tabla"
"f5cd77d8-b081-4a09-8890-a90fed7e5c4b","PRO12203","","12203","brand_id","","","","INGERSOLL RAND","nombre del producto","la primera palabra coincide con una marca ya existente","MEDIUM","producto sin marca cuyo nombre empieza con una marca de la tabla"
"deb775c3-a44f-4716-b06e-b0edd177c18f","PRO12204","","12204","brand_id","","","","INGERSOLL RAND","nombre del producto","la primera palabra coincide con una marca ya existente","MEDIUM","producto sin marca cuyo nombre empieza con una marca de la tabla"
"1419f7e0-2516-40a2-8e2b-28a19c6a893a","PRO12205","","12205","brand_id","","","","INGERSOLL RAND","nombre del producto","la primera palabra coincide con una marca ya existente","MEDIUM","producto sin marca cuyo nombre empieza con una marca de la tabla"
"f9569d65-3ce2-4e4b-9cf9-c20bfc3ad8b7","PRO12209","","12209","brand_id","","","","INGERSOLL RAND","nombre del producto","la primera palabra coincide con una marca ya existente","MEDIUM","producto sin marca cuyo nombre empieza con una marca de la tabla"
"275ed4ce-b394-48b1-9197-f4d18a28511e","PRO12211","","12211","brand_id","","","","INGERSOLL RAND","nombre del producto","la primera palabra coincide con una marca ya existente","MEDIUM","producto sin marca cuyo nombre empieza con una marca de la tabla"
"87c35ac9-bb6e-4203-a2fa-5484a68e6eac","PRO12212","","12212","brand_id","","","","INGERSOLL RAND","nombre del producto","la primera palabra coincide con una marca ya existente","MEDIUM","producto sin marca cuyo nombre empieza con una marca de la tabla"
"561ace5a-c4a6-4189-8d1a-c0da6fb1cba9","PRO12270","","12270","brand_id","","","","URYU","nombre del producto","la primera palabra coincide con una marca ya existente","MEDIUM","producto sin marca cuyo nombre empieza con una marca de la tabla"
"977a4644-72fa-441a-85c0-45dea4b0f6f4","PRO12274","","","brand_id","","","","ESTIC","nombre del producto","la primera palabra coincide con una marca ya existente","MEDIUM","producto sin marca cuyo nombre empieza con una marca de la tabla"
"5d55a118-f68b-430c-9127-af8633f368d6","PRO12275","","","brand_id","","","","ESTIC","nombre del producto","la primera palabra coincide con una marca ya existente","MEDIUM","producto sin marca cuyo nombre empieza con una marca de la tabla"
"3e633b4e-410f-40e3-9549-12a65ca73ee9","PRO12276","","","brand_id","","","","ESTIC","nombre del producto","la primera palabra coincide con una marca ya existente","MEDIUM","producto sin marca cuyo nombre empieza con una marca de la tabla"
"1b1432d5-8b36-4660-8ad3-a8e04215d507","PRO12277","","","brand_id","","","","ESTIC","nombre del producto","la primera palabra coincide con una marca ya existente","MEDIUM","producto sin marca cuyo nombre empieza con una marca de la tabla"
"d7c381c6-ffa3-4ec5-b1ae-064564019fb9","PRO12359","","12359","brand_id","","","","ESTIC","nombre del producto","la primera palabra coincide con una marca ya existente","MEDIUM","producto sin marca cuyo nombre empieza con una marca de la tabla"
"75841cfb-bd7a-4933-b9ee-86643f2f57b1","PRO12408","","12408","brand_id","","","","CHICAGO PNEUMATIC","nombre del producto","la primera palabra coincide con una marca ya existente","MEDIUM","producto sin marca cuyo nombre empieza con una marca de la tabla"
"9d542afc-6f55-4d3f-8827-3448c6edd94f","PRO12411","","12411","brand_id","","","","CHICAGO PNEUMATIC","nombre del producto","la primera palabra coincide con una marca ya existente","MEDIUM","producto sin marca cuyo nombre empieza con una marca de la tabla"
"d836508a-83c9-499d-8de2-e428762d9ccb","PRO12491","","12491","brand_id","","","","TECNA","nombre del producto","la primera palabra coincide con una marca ya existente","MEDIUM","producto sin marca cuyo nombre empieza con una marca de la tabla"
"d9685768-3264-4ba3-ae03-879f3c0593d4","PRO12492","","12492","brand_id","","","","TECNA","nombre del producto","la primera palabra coincide con una marca ya existente","MEDIUM","producto sin marca cuyo nombre empieza con una marca de la tabla"
"fa8142a5-f8d4-42c1-a19e-4c62f30d068c","PRO12493","","12493","brand_id","","","","TECNA","nombre del producto","la primera palabra coincide con una marca ya existente","MEDIUM","producto sin marca cuyo nombre empieza con una marca de la tabla"
"5af87144-491b-4ba3-b9b9-3db0161da5cd","PRO12534","","12534","brand_id","","","","CHICAGO PNEUMATIC","nombre del producto","la primera palabra coincide con una marca ya existente","MEDIUM","producto sin marca cuyo nombre empieza con una marca de la tabla"
"e981db61-645c-474f-958c-ee4f33b55b2a","PRO12535","","12535","brand_id","","","","APEX","nombre del producto","la primera palabra coincide con una marca ya existente","MEDIUM","producto sin marca cuyo nombre empieza con una marca de la tabla"
"8aac4617-9ad4-44ae-a586-0f2fb1b9abab","PRO12536","","12536","brand_id","","","","APEX","nombre del producto","la primera palabra coincide con una marca ya existente","MEDIUM","producto sin marca cuyo nombre empieza con una marca de la tabla"
"e3bb0eec-389a-426a-9c38-41286bbaaabd","PRO12537","","12537","brand_id","","","","APEX","nombre del producto","la primera palabra coincide con una marca ya existente","MEDIUM","producto sin marca cuyo nombre empieza con una marca de la tabla"
"033d7483-fe94-49fb-a8d8-6c46dd5e0f51","PRO12538","","12538","brand_id","","","","APEX","nombre del producto","la primera palabra coincide con una marca ya existente","MEDIUM","producto sin marca cuyo nombre empieza con una marca de la tabla"
"922f3a77-f5f9-40d6-b669-008ef5786234","PRO12539","","12539","brand_id","","","","APEX","nombre del producto","la primera palabra coincide con una marca ya existente","MEDIUM","producto sin marca cuyo nombre empieza con una marca de la tabla"
"9b3cfd58-53d7-47da-bd65-edb19c137429","PRO12540","","12540","brand_id","","","","APEX","nombre del producto","la primera palabra coincide con una marca ya existente","MEDIUM","producto sin marca cuyo nombre empieza con una marca de la tabla"
"455ea204-cc07-4409-bb0d-c2744b53b8ba","PRO12541","","12541","brand_id","","","","APEX","nombre del producto","la primera palabra coincide con una marca ya existente","MEDIUM","producto sin marca cuyo nombre empieza con una marca de la tabla"
"40157f52-a112-4711-925c-3d956079f1f7","PRO12542","","12542","brand_id","","","","APEX","nombre del producto","la primera palabra coincide con una marca ya existente","MEDIUM","producto sin marca cuyo nombre empieza con una marca de la tabla"
"f69229c8-3163-4531-a734-2e7d8132b74b","PRO12543","","12543","brand_id","","","","APEX","nombre del producto","la primera palabra coincide con una marca ya existente","MEDIUM","producto sin marca cuyo nombre empieza con una marca de la tabla"
"c912217b-e5c5-4bce-82ea-8aa582b7fd3e","PRO12592","","12592","brand_id","","","","APEX","nombre del producto","la primera palabra coincide con una marca ya existente","MEDIUM","producto sin marca cuyo nombre empieza con una marca de la tabla"
"cae9c345-a575-4a66-8af5-b116aaf4c871","PRO12593","","12593","brand_id","","","","APEX","nombre del producto","la primera palabra coincide con una marca ya existente","MEDIUM","producto sin marca cuyo nombre empieza con una marca de la tabla"
"b6aad562-4fe4-4620-bbbe-661d14b399df","RI.RIV938","","RI.RIV938","brand_id","","","","RIVIT","nombre del producto","la primera palabra coincide con una marca ya existente","MEDIUM","producto sin marca cuyo nombre empieza con una marca de la tabla"
"0051e8bc-b80d-4a5a-8e7a-2dfbe35a090b","SP.J3202B","SPEEDRILL","J3202B","product_type","","Cardánico","","Cardánico","legacy","https://buscatoolsjano-web.github.io/Buscatools/productos-data.json","HIGH","el legacy lo tiene y el ERP no"
"0051e8bc-b80d-4a5a-8e7a-2dfbe35a090b","SP.J3202B","SPEEDRILL","J3202B","description","MARCA: SPEEDRILL 
MODELO. J3202B
DESCRIPCION:  EXTENSION ROTULADRA (CARDANICO) 3/8"" A 3/8"" CON PIN
LARGO:  52MM","Rótula SPEEDRILL J3202B. Movilidad angular para posiciones de difícil acceso.","","","conflicto sin resolver","https://buscatoolsjano-web.github.io/Buscatools/productos-data.json","LOW","ERP y legacy difieren (texto distinto); hace falta la fuente oficial"
"54563652-0891-4f2e-8e99-90c3ba8c5f7d","TE.9354","TECNA","9354","product_type","","Balanceador","","Balanceador","legacy","https://buscatoolsjano-web.github.io/Buscatools/productos-data.json","HIGH","el legacy lo tiene y el ERP no"
"54563652-0891-4f2e-8e99-90c3ba8c5f7d","TE.9354","TECNA","9354","description","","Balanceador industrial TECNA 9354 de 4 a 7 kg. Ergonómico, resistente y preciso para uso industrial.","","Balanceador industrial TECNA 9354 de 4 a 7 kg. Ergonómico, resistente y preciso para uso industrial.","legacy","https://buscatoolsjano-web.github.io/Buscatools/productos-data.json","HIGH","el legacy lo tiene y el ERP no"
"9895bcb5-c2f2-4447-9f4d-f5027c403e08","TE.9356","TECNA","9356","product_type","","Balanceador","","Balanceador","legacy","https://buscatoolsjano-web.github.io/Buscatools/productos-data.json","HIGH","el legacy lo tiene y el ERP no"
"9895bcb5-c2f2-4447-9f4d-f5027c403e08","TE.9356","TECNA","9356","description","MARCA: TECNA
MODELO: 9356
ESPECIAL: CARCASA ALUMINIO
CAP. MIN (KG): 10
CAP. MAX (KG): 14
LARGO (MTRS): 2
DIMESIONES CAJA (MM): 52,0 X 22,0 X 20,0
PESO NETO: 6,80 KG","Balanceador industrial TECNA 9356 de 10 a 14 kg. Soporte reforzado y retracción progresiva para herramientas pesadas.","","","conflicto sin resolver","https://buscatoolsjano-web.github.io/Buscatools/productos-data.json","LOW","ERP y legacy difieren (texto distinto); hace falta la fuente oficial"
"1e3be368-d38c-4caa-9d55-917937a549ea","TE.9358","TECNA","9358","product_type","","Balanceador","","Balanceador","legacy","https://buscatoolsjano-web.github.io/Buscatools/productos-data.json","HIGH","el legacy lo tiene y el ERP no"
"1e3be368-d38c-4caa-9d55-917937a549ea","TE.9358","TECNA","9358","description","Marca: TECNA
Modelo: 9358 - Medium.22
Especial: Zero Gravity
Cap. Min (Kg): 18
Cap. Max (Kg): 22
Largo (Mtrs): 2
Dimensiones caja (mm) 465 x 225 x 185
NCM: 8425.19.10.900 K","Balanceador industrial TECNA 9358 de 18 a 22 kg. Alta resistencia y precisión en entornos industriales pesados.","","","conflicto sin resolver","https://buscatoolsjano-web.github.io/Buscatools/productos-data.json","LOW","ERP y legacy difieren (texto distinto); hace falta la fuente oficial"
"0f98fca4-8ad9-4d45-aba5-35ddd5dba32c","TE.9366","TECNA","9366","product_type","","Balanceador","","Balanceador","legacy","https://buscatoolsjano-web.github.io/Buscatools/productos-data.json","HIGH","el legacy lo tiene y el ERP no"
"0f98fca4-8ad9-4d45-aba5-35ddd5dba32c","TE.9366","TECNA","9366","description","Marca: TECNA
Modelo: 9365
Origen: Italia
Especial: Zero Gravity
Cap. Min (Kg): 30
Cap. Max  (Kg): 35
Largo (Mtrs): 2.0
Dimensiones caja (mm) 600 x 320 x 330","Balanceador industrial TECNA 9366 de 35 a 45 kg. Precisión, seguridad y potencia en entornos industriales pesados.","","","conflicto sin resolver","https://buscatoolsjano-web.github.io/Buscatools/productos-data.json","LOW","ERP y legacy difieren (texto distinto); hace falta la fuente oficial"
"38be2c2d-d8b3-4213-8d34-b3d988f6e86f","TE.LIGHT.4","TECNA","LIGHT.4","product_type","","Balanceador","","Balanceador","legacy","https://buscatoolsjano-web.github.io/Buscatools/productos-data.json","HIGH","el legacy lo tiene y el ERP no"
"38be2c2d-d8b3-4213-8d34-b3d988f6e86f","TE.LIGHT.4","TECNA","LIGHT.4","description","Marca: TECNA
Modelo: LIGHT.4
Especial: No Gravity
Cap. Min (Kg): 2
Cap. Max  (Kg): 4
Largo cable(Mtrs): 2,5
Dimensiones caja (mm) 200 x 155 x 90
NCM: 8425.19.10.900 K","Balanceador industrial TECNA LIGHT.4 de 2 a 4 kg. Ideal para líneas de montaje con herramientas de uso constante.","","","conflicto sin resolver","https://buscatoolsjano-web.github.io/Buscatools/productos-data.json","LOW","ERP y legacy difieren (texto distinto); hace falta la fuente oficial"
"d9570b98-806e-4318-9939-bc8519202768","TE.LIGHT.6","TECNA","LIGHT.6","product_type","","Balanceador","","Balanceador","legacy","https://buscatoolsjano-web.github.io/Buscatools/productos-data.json","HIGH","el legacy lo tiene y el ERP no"
"d9570b98-806e-4318-9939-bc8519202768","TE.LIGHT.6","TECNA","LIGHT.6","description","""Marca: TECNA
Modelo: LIGHT.6
Especial: No Gravity
Cap. Min (Kg): 4
Cap. Max  (Kg): 6
Largo (Mtrs): 2,5
Dimensiones caja (mm) 200 x 155 x 90
NCM: 8425.19.10.900 K""","Balanceador industrial TECNA LIGHT.6 para herramientas de 4 a 6 kg. Ofrece soporte ergonómico y reduce el esfuerzo en trabajos continuos.","","","conflicto sin resolver","https://buscatoolsjano-web.github.io/Buscatools/productos-data.json","LOW","ERP y legacy difieren (texto distinto); hace falta la fuente oficial"
"ff53fb56-4c9c-4c18-8b56-73c4b559a754","TE.X-LIGHT.1","TECNA","X-LIGHT.1","product_type","","Balanceador","","Balanceador","legacy","https://buscatoolsjano-web.github.io/Buscatools/productos-data.json","HIGH","el legacy lo tiene y el ERP no"
"ff53fb56-4c9c-4c18-8b56-73c4b559a754","TE.X-LIGHT.1","TECNA","X-LIGHT.1","description","Marca: TECNA
Modelo: X-LIGHT.1
Especial: No Gravity
Cap. Min (Kg): 0,4
Cap. Max  (Kg): 1
Largo (Mtrs): 2,5
Dimensiones caja (mm) 160 x 120 x 60
NCM: 8425.19.10.900 K","Balanceador  industrial TECNA X-LIGHT.1 para herramientas livianas de 0,4 a 1 kg. Facilita el trabajo continuo y reduce la fatiga en tareas repetitivas.","","","conflicto sin resolver","https://buscatoolsjano-web.github.io/Buscatools/productos-data.json","LOW","ERP y legacy difieren (texto distinto); hace falta la fuente oficial"
"ae5c55ec-1ec1-49ae-b91d-10a2ea63b8dd","TT.ET-4SD","","TT.ET-4SD","brand_id","","","","TORQUETOOLS","nombre del producto","la primera palabra coincide con una marca ya existente","MEDIUM","producto sin marca cuyo nombre empieza con una marca de la tabla"